"State","County","dem.Count12","gop.Count12"
"AL","Autauga",6354,17366
"AL","Baldwin",18329,65772
"AL","Barbour",5873,5539
"AL","Bibb",2200,6131
"AL","Blount",2961,20741
"AL","Bullock",4058,1250
"AL","Butler",4367,5081
"AL","Calhoun",15500,30272
"AL","Chambers",6853,7596
"AL","Cherokee",2126,7494
"AL","Chilton",3391,13910
"AL","Choctaw",3785,4150
"AL","Clarke",6317,7463
"AL","Clay",1770,4802
"AL","Cleburne",971,5269
"AL","Coffee",4899,14638
"AL","Colbert",9160,13931
"AL","Conecuh",3551,3434
"AL","Coosa",2188,3028
"AL","Covington",3155,12148
"AL","Crenshaw",2048,4326
"AL","Cullman",4855,27930
"AL","Dale",5283,13105
"AL","Dallas",14599,6284
"AL","DeKalb",5235,18316
"AL","Elmore",8940,26223
"AL","Escambia",5476,9263
"AL","Etowah",12792,29102
"AL","Fayette",1803,6034
"AL","Franklin",3171,7567
"AL","Geneva",2039,9173
"AL","Greene",4514,799
"AL","Hale",5401,3205
"AL","Henry",3046,5605
"AL","Houston",12348,29214
"AL","Jackson",5817,14422
"AL","Jefferson",159658,141413
"AL","Lamar",1643,5453
"AL","Lauderdale",12504,23902
"AL","Lawrence",5055,8855
"AL","Lee",21274,32062
"AL","Limestone",9809,25263
"AL","Lowndes",5747,1754
"AL","Macon",9045,1322
"AL","Madison",61802,90679
"AL","Marengo",6154,5321
"AL","Marion",2249,9696
"AL","Marshall",6271,25785
"AL","Mobile",78417,94566
"AL","Monroe",4897,5730
"AL","Montgomery",62993,38283
"AL","Morgan",13401,35309
"AL","Perry",4536,1504
"AL","Pickens",4448,5119
"AL","Pike",6009,7939
"AL","Randolph",3076,7219
"AL","Russell",10495,8276
"AL","Shelby",19944,71243
"AL","St. Clair",5790,29001
"AL","Sumter",5420,1585
"AL","Talladega",13878,19217
"AL","Tallapoosa",6252,12303
"AL","Tuscaloosa",32003,45703
"AL","Walker",6551,21633
"AL","Washington",2971,5749
"AL","Wilcox",4867,1676
"AL","Winston",1286,8310
"AR","Arkansas",2454,3892
"AR","Ashley",2855,4866
"AR","Baxter",5172,13688
"AR","Benton",22144,53477
"AR","Boone",3762,11143
"AR","Bradley",1447,2118
"AR","Calhoun",660,1458
"AR","Carroll",3691,6121
"AR","Chicot",2649,1670
"AR","Clark",3808,4343
"AR","Clay",1738,3225
"AR","Cleburne",2618,8691
"AR","Cleveland",845,2313
"AR","Columbia",3557,5790
"AR","Conway",3003,4511
"AR","Craighead",10351,20044
"AR","Crawford",4872,15125
"AR","Crittenden",9092,6192
"AR","Cross",2279,4268
"AR","Dallas",1337,1664
"AR","Desha",2353,1807
"AR","Drew",2627,3883
"AR","Faulkner",13559,26653
"AR","Franklin",1725,4631
"AR","Fulton",1452,2949
"AR","Garland",13317,25031
"AR","Grant",1467,4829
"AR","Greene",3998,9066
"AR","Hempstead",2466,4284
"AR","Hot Spring",3824,7087
"AR","Howard",1460,2862
"AR","Independence",3279,8724
"AR","Izard",1563,3571
"AR","Jackson",2093,3065
"AR","Jefferson",17456,9515
"AR","Johnson",2785,5045
"AR","Lafayette",1173,1712
"AR","Lawrence",1786,3535
"AR","Lee",2107,1280
"AR","Lincoln",1424,2199
"AR","Little River",1552,3385
"AR","Logan",2009,5078
"AR","Lonoke",5612,17863
"AR","Madison",2099,4262
"AR","Marion",2024,4771
"AR","Miller",4518,10622
"AR","Mississippi",6445,6599
"AR","Monroe",1583,1585
"AR","Montgomery",920,2368
"AR","Nevada",1314,1996
"AR","Newton",993,2508
"AR","Ouachita",4626,5516
"AR","Perry",1187,2580
"AR","Phillips",5179,2591
"AR","Pike",850,2847
"AR","Poinsett",2387,4967
"AR","Polk",1556,5950
"AR","Pope",5108,14733
"AR","Prairie",877,2149
"AR","Pulaski",87055,68856
"AR","Randolph",2040,3699
"AR","Saint Francis",4652,3287
"AR","Saline",12868,32962
"AR","Scott",895,2630
"AR","Searcy",814,2699
"AR","Sebastian",13083,29158
"AR","Sevier",1042,3135
"AR","Sharp",2092,4920
"AR","Stone",1356,3773
"AR","Union",6182,10696
"AR","Van Buren",1826,4362
"AR","Washington",28136,39570
"AR","White",5765,20005
"AR","Woodruff",1340,1227
"AR","Yell",1720,4041
"AZ","Apache",16833,8198
"AZ","Cochise",16223,26742
"AZ","Coconino",26316,19368
"AZ","Gila",6650,11525
"AZ","Graham",3608,8076
"AZ","Greenlee",1310,1590
"AZ","La Paz",1619,3205
"AZ","Maricopa",512008,654835
"AZ","Mohave",18324,46442
"AZ","Navajo",16157,19155
"AZ","Pima",183470,162927
"AZ","Pinal",41428,58947
"AZ","Santa Cruz",9486,4235
"AZ","Yavapai",32624,62385
"AZ","Yuma",14025,19500
"CA","Alameda",438091,104330
"CA","Alpine",389,236
"CA","Amador",6001,8903
"CA","Butte",32567,35312
"CA","Calaveras",7404,10537
"CA","Colusa",2248,3521
"CA","Contra Costa",230826,112547
"CA","Del Norte",3396,4256
"CA","El Dorado",34033,49661
"CA","Fresno",85862,91143
"CA","Glenn",3276,5608
"CA","Humboldt",27757,15653
"CA","Imperial",17464,9545
"CA","Inyo",2775,3541
"CA","Kern",64690,99840
"CA","Kings",12282,17184
"CA","Lake",9159,6474
"CA","Lassen",3044,7261
"CA","Los Angeles",1672164,699600
"CA","Madera",12698,18990
"CA","Marin",73450,23347
"CA","Mariposa",3080,4434
"CA","Mendocino",11869,5129
"CA","Merced",26128,23403
"CA","Modoc",1113,2779
"CA","Mono",2574,2202
"CA","Monterey",51712,25087
"CA","Napa",19964,11647
"CA","Nevada",14261,15696
"CA","Orange",457077,541592
"CA","Placer",49126,74460
"CA","Plumas",3670,5240
"CA","Riverside",287754,290227
"CA","Sacramento",221063,157688
"CA","San Benito",8617,6052
"CA","San Bernardino",274203,245468
"CA","San Diego",478386,431046
"CA","San Francisco",267857,42654
"CA","San Joaquin",80005,66742
"CA","San Luis Obispo",57655,56500
"CA","San Mateo",151036,56244
"CA","Santa Barbara",84279,59096
"CA","Santa Clara",343239,136347
"CA","Santa Cruz",61106,17132
"CA","Shasta",18184,34561
"CA","Sierra",652,1056
"CA","Siskiyou",7110,9844
"CA","Solano",87225,48364
"CA","Sonoma",124504,45666
"CA","Stanislaus",70609,69549
"CA","Sutter",8004,12576
"CA","Tehama",6032,10791
"CA","Trinity",2367,2422
"CA","Tulare",29191,42186
"CA","Tuolumne",9628,13410
"CA","Ventura",138119,123919
"CA","Yolo",38856,19080
"CA","Yuba",5817,8746
"CO","Adams",90843,66531
"CO","Alamosa",3782,2693
"CO","Arapahoe",135433,114232
"CO","Archuleta",2637,3831
"CO","Baca",462,1554
"CO","Bent",778,1053
"CO","Boulder",120485,48526
"CO","Broomfield",16653,14765
"CO","Chaffee",4967,4949
"CO","Cheyenne",162,858
"CO","Clear Creek",3041,2381
"CO","Conejos",2180,1794
"CO","Costilla",1317,440
"CO","Crowley",535,924
"CO","Custer",862,1776
"CO","Delta",4542,10762
"CO","Denver",209759,69755
"CO","Dolores",329,838
"CO","Douglas",54093,93930
"CO","Eagle",12598,9317
"CO","El Paso",104989,163819
"CO","Elbert",3542,10148
"CO","Fremont",6644,13087
"CO","Garfield",10989,12159
"CO","Gilpin",1854,1320
"CO","Grand",3575,4149
"CO","Gunnison",4563,3106
"CO","Hinsdale",228,352
"CO","Huerfano",1897,1615
"CO","Jackson",216,600
"CO","Jefferson",153069,139960
"CO","Kiowa",118,677
"CO","Kit Carson",789,2664
"CO","La Plata",15063,12554
"CO","Lake",1807,1087
"CO","Larimer",83103,74603
"CO","Las Animas",3282,3105
"CO","Lincoln",537,1663
"CO","Logan",2675,6124
"CO","Mesa",22448,45087
"CO","Mineral",291,344
"CO","Moffat",1291,4616
"CO","Montezuma",4486,7372
"CO","Montrose",5852,12789
"CO","Morgan",3761,6461
"CO","Otero",3566,4315
"CO","Ouray",1640,1470
"CO","Park",3721,5085
"CO","Phillips",588,1637
"CO","Pitkin",6648,2941
"CO","Prowers",1498,3200
"CO","Pueblo",40624,31023
"CO","Rio Blanco",561,2677
"CO","Rio Grande",2428,2892
"CO","Routt",7389,5361
"CO","Saguache",1762,937
"CO","San Juan",266,212
"CO","San Miguel",2961,1144
"CO","Sedgwick",419,881
"CO","Summit",9169,5495
"CO","Teller",3894,7909
"CO","Washington",461,2059
"CO","Weld",47418,62350
"CO","Yuma",950,3433
"CT","Fairfield",217294,175168
"CT","Hartford",244639,143238
"CT","Litchfield",43856,47201
"CT","Middlesex",47855,34591
"CT","New Haven",218972,138357
"CT","New London",67144,46119
"CT","Tolland",39366,30450
"CT","Windham",25957,19768
"DC","Ward 1",27791,2167
"DC","Ward 2",27792,2167
"DC","Ward 3",27791,2167
"DC","Ward 4",27792,2167
"DC","Ward 5",27791,2167
"DC","Ward 6",27792,2167
"DC","Ward 7",27791,2167
"DC","Ward 8",27792,2168
"DE","Kent",35525,32134
"DE","New Castle",167051,81226
"DE","Sussex",39971,52116
"FL","Alachua",69634,48765
"FL","Baker",2310,8974
"FL","Bay",22037,56863
"FL","Bradford",3324,8216
"FL","Brevard",122972,159270
"FL","Broward",507430,243732
"FL","Calhoun",1664,4366
"FL","Charlotte",35896,47988
"FL","Citrus",28453,44657
"FL","Clay",25745,69996
"FL","Collier",51678,96508
"FL","Columbia",8462,18429
"FL","DeSoto",4174,5587
"FL","Dixie",1798,5052
"FL","Duval",196657,211553
"FL","Escambia",58154,88671
"FL","Flagler",23204,26966
"FL","Franklin",1845,3570
"FL","Gadsden",15768,6628
"FL","Gilchrist",1885,5917
"FL","Glades",1603,2344
"FL","Gulf",2013,4995
"FL","Hamilton",2226,3137
"FL","Hardee",2461,4694
"FL","Hendry",4751,5355
"FL","Hernando",37791,44906
"FL","Highlands",16147,25912
"FL","Hillsborough",286158,249904
"FL","Holmes",1264,6919
"FL","Indian River",27483,43441
"FL","Jackson",7342,13417
"FL","Jefferson",3945,3808
"FL","Lafayette",687,2668
"FL","Lake",61790,87637
"FL","Lee",110080,154112
"FL","Leon",90863,55806
"FL","Levy",6118,12052
"FL","Liberty",942,2301
"FL","Madison",4174,4474
"FL","Manatee",66476,85616
"FL","Marion",66823,93036
"FL","Martin",30097,48180
"FL","Miami-Dade",540776,332602
"FL","Monroe",19392,19234
"FL","Nassau",10249,29926
"FL","Okaloosa",23390,70143
"FL","Okeechobee",4856,7325
"FL","Orange",274227,189057
"FL","Osceola",67201,40581
"FL","Palm Beach",349418,247257
"FL","Pasco",98148,112335
"FL","Pinellas",238966,213192
"FL","Polk",114610,131566
"FL","Putnam",11666,19326
"FL","Santa Rosa",17757,58169
"FL","Sarasota",95089,110489
"FL","Seminole",96435,109939
"FL","St. Johns",35155,78490
"FL","St. Lucie",65869,56202
"FL","Sumter",19519,40644
"FL","Suwannee",4749,12672
"FL","Taylor",2761,6249
"FL","Union",1339,3980
"FL","Volusia",114716,117473
"FL","Wakulla",5173,9288
"FL","Walton",6665,21483
"FL","Washington",2820,8037
"GA","Appling",1756,5231
"GA","Atkinson",930,1938
"GA","Bacon",791,3092
"GA","Baker",790,784
"GA","Baldwin",8469,7585
"GA","Banks",779,5353
"GA","Barrow",6019,18719
"GA","Bartow",8383,26847
"GA","Ben Hill",2508,3395
"GA","Berrien",1268,4837
"GA","Bibb",38538,25606
"GA","Bleckley",1266,3586
"GA","Brantley",939,4963
"GA","Brooks",3101,3522
"GA","Bryan",3695,9537
"GA","Bulloch",9572,14159
"GA","Burke",5403,4298
"GA","Butts",2966,6306
"GA","Calhoun",1297,883
"GA","Camden",6358,11318
"GA","Candler",1155,2344
"GA","Carroll",12635,28249
"GA","Catoosa",5357,17848
"GA","Charlton",1197,2527
"GA","Chatham",60077,47083
"GA","Chattahoochee",726,732
"GA","Chattooga",2220,5434
"GA","Cherokee",19813,76473
"GA","Clarke",25386,13804
"GA","Clay",862,537
"GA","Clayton",81439,14158
"GA","Clinch",852,1598
"GA","Cobb",132526,171464
"GA","Coffee",5048,9242
"GA","Colquitt",3971,9240
"GA","Columbia",16420,41724
"GA","Cook",2042,3934
"GA","Coweta",15156,39633
"GA","Crawford",1699,3366
"GA","Crisp",3160,4179
"GA","Dade",1404,4458
"GA","Dawson",1241,8843
"GA","Decatur",4580,5816
"GA","DeKalb",237704,64308
"GA","Dodge",2440,5214
"GA","Dooly",2278,1983
"GA","Dougherty",26209,11441
"GA","Douglas",28410,26226
"GA","Early",2762,2556
"GA","Echols",173,917
"GA","Effingham",4941,15591
"GA","Elbert",3179,4857
"GA","Emanuel",2919,5086
"GA","Evans",1266,2267
"GA","Fannin",2027,7853
"GA","Fayette",19703,38046
"GA","Floyd",9595,22636
"GA","Forsyth",14544,65853
"GA","Franklin",1499,6112
"GA","Fulton",248479,133837
"GA","Gilmer",1955,8920
"GA","Glascock",176,1135
"GA","Glynn",11922,20853
"GA","Gordon",3436,13174
"GA","Grady",3419,5922
"GA","Greene",3195,5067
"GA","Gwinnett",131879,159563
"GA","Habersham",2297,12148
"GA","Hall",12489,45918
"GA","Hancock",3301,764
"GA","Haralson",1787,8439
"GA","Harris",4141,11193
"GA","Hart",2869,6516
"GA","Heard",947,3155
"GA","Henry",43374,46299
"GA","Houston",22643,34631
"GA","Irwin",1134,2519
"GA","Jackson",4236,19122
"GA","Jasper",1839,4121
"GA","Jeff Davis",1271,3994
"GA","Jefferson",4238,2992
"GA","Jenkins",1487,1884
"GA","Johnson",1305,2440
"GA","Jones",4272,7740
"GA","Lamar",2602,4896
"GA","Lanier",1108,1812
"GA","Laurens",7508,11947
"GA","Lee",3187,10310
"GA","Liberty",10427,5558
"GA","Lincoln",1586,2806
"GA","Long",1434,2300
"GA","Lowndes",17118,21176
"GA","Lumpkin",2049,8633
"GA","Macon",3211,1545
"GA","Madison",2486,8441
"GA","Marion",1411,1731
"GA","McDuffie",4041,5475
"GA","McIntosh",2860,3405
"GA","Meriwether",4328,4855
"GA","Miller",848,1904
"GA","Mitchell",4081,4153
"GA","Monroe",3779,8352
"GA","Montgomery",1135,2662
"GA","Morgan",2751,6178
"GA","Murray",2542,8439
"GA","Muscogee",42458,27469
"GA","Newton",21844,20979
"GA","Oconee",4140,12222
"GA","Oglethorpe",1913,4250
"GA","Paulding",15779,40771
"GA","Peach",6141,5280
"GA","Pickens",1975,10547
"GA","Pierce",1124,5666
"GA","Pike",1355,6660
"GA","Polk",3608,9798
"GA","Pulaski",1219,2444
"GA","Putnam",2917,6210
"GA","Quitman",612,510
"GA","Rabun",1558,5753
"GA","Randolph",1749,1249
"GA","Richmond",52461,25821
"GA","Rockdale",21878,15671
"GA","Schley",448,1286
"GA","Screven",2769,3285
"GA","Seminole",1475,2244
"GA","Spalding",9884,14901
"GA","Stephens",2123,7207
"GA","Stewart",1307,740
"GA","Sumter",6370,5372
"GA","Talbot",2264,1202
"GA","Taliaferro",636,321
"GA","Tattnall",1894,4702
"GA","Taylor",1571,1948
"GA","Telfair",1804,2479
"GA","Terrell",2544,1834
"GA","Thomas",7651,11153
"GA","Tift",4640,9171
"GA","Toombs",2740,6519
"GA","Towns",1265,4834
"GA","Treutlen",1068,1646
"GA","Troup",10545,15170
"GA","Turner",1508,2027
"GA","Twiggs",2269,1905
"GA","Union",2137,8771
"GA","Upson",3955,7229
"GA","Walker",5269,16245
"GA","Walton",8139,29018
"GA","Ware",3892,7933
"GA","Warren",1525,990
"GA","Washington",4705,4033
"GA","Wayne",2594,7553
"GA","Webster",573,598
"GA","Wheeler",772,1366
"GA","White",1670,8647
"GA","Whitfield",7193,19290
"GA","Wilcox",1059,2050
"GA","Wilkes",2080,2628
"GA","Wilkinson",2180,2245
"GA","Worth",2486,5864
"HI","Hawaii",46670,14541
"HI","Honolulu",201803,87255
"HI","Kauai",18638,6121
"HI","Maui",35979,11577
"IA","Adair",1788,2110
"IA","Adams",1018,1103
"IA","Allamakee",3511,3230
"IA","Appanoose",2934,3153
"IA","Audubon",1608,1800
"IA","Benton",6850,6935
"IA","Black Hawk",39338,26078
"IA","Boone",7457,6540
"IA","Bremer",6710,6383
"IA","Buchanan",5903,4443
"IA","Buena Vista",3683,4548
"IA","Butler",3321,4104
"IA","Calhoun",2232,2890
"IA","Carroll",4912,5577
"IA","Cass",2856,4212
"IA","Cedar",4931,4510
"IA","Cerro Gordo",13204,10084
"IA","Cherokee",2623,3656
"IA","Chickasaw",3552,2836
"IA","Clarke",2187,2124
"IA","Clay",3363,4934
"IA","Clayton",4768,4146
"IA","Clinton",15123,9423
"IA","Crawford",3035,3584
"IA","Dallas",16466,20921
"IA","Davis",1518,2133
"IA","Decatur",1790,1945
"IA","Delaware",4605,4628
"IA","Des Moines",11873,8130
"IA","Dickinson",4088,5911
"IA","Dubuque",28600,21265
"IA","Emmet",2087,2499
"IA","Fayette",5709,4484
"IA","Floyd",4674,3466
"IA","Franklin",2256,2818
"IA","Fremont",1636,1971
"IA","Greene",2369,2373
"IA","Grundy",2615,4205
"IA","Guthrie",2565,3164
"IA","Hamilton",3776,3986
"IA","Hancock",2506,3306
"IA","Hardin",4021,4647
"IA","Harrison",3131,4059
"IA","Henry",4451,5025
"IA","Howard",2767,1793
"IA","Humboldt",1967,3099
"IA","Ida",1317,2276
"IA","Iowa",4118,4551
"IA","Jackson",5877,4171
"IA","Jasper",10240,8868
"IA","Jefferson",4772,3429
"IA","Johnson",50090,23556
"IA","Jones",5514,4712
"IA","Keokuk",2298,2840
"IA","Kossuth",3824,4914
"IA","Lee",9428,6787
"IA","Linn",68028,47427
"IA","Louisa",2449,2416
"IA","Lucas",1977,2248
"IA","Lyon",1416,4965
"IA","Madison",3508,4492
"IA","Mahaska",4207,6420
"IA","Marion",7478,9810
"IA","Marshall",10085,8411
"IA","Mills",2842,4211
"IA","Mitchell",2831,2643
"IA","Monona",2098,2555
"IA","Monroe",1729,2022
"IA","Montgomery",1919,2999
"IA","Muscatine",11213,8152
"IA","O'Brien",1964,5259
"IA","Osceola",909,2225
"IA","Page",2588,4338
"IA","Palo Alto",2124,2649
"IA","Plymouth",4148,8577
"IA","Pocahontas",1518,2388
"IA","Polk",128264,96029
"IA","Pottawattamie",19347,21751
"IA","Poweshiek",5307,4409
"IA","Ringgold",1181,1366
"IA","Sac",2117,3086
"IA","Scott",50581,38223
"IA","Shelby",2468,3903
"IA","Sioux",2683,14361
"IA","Story",25940,19557
"IA","Tama",4737,4076
"IA","Taylor",1261,1680
"IA","Union",3029,2800
"IA","Van Buren",1398,2058
"IA","Wapello",8616,6777
"IA","Warren",12521,13031
"IA","Washington",5081,5540
"IA","Wayne",1251,1583
"IA","Webster",9458,8453
"IA","Winnebago",2895,2897
"IA","Winneshiek",6245,4618
"IA","Woodbury",22026,22136
"IA","Worth",2343,1743
"IA","Wright",2794,3309
"ID","Ada",77043,97471
"ID","Adams",577,1413
"ID","Bannock",13214,21010
"ID","Bear Lake",302,2489
"ID","Benewah",1164,2596
"ID","Bingham",3822,13440
"ID","Blaine",5992,3939
"ID","Boise",953,2284
"ID","Bonner",6500,11367
"ID","Bonneville",9929,32336
"ID","Boundary",1225,3138
"ID","Butte",258,1001
"ID","Camas",159,402
"ID","Canyon",19866,44369
"ID","Caribou",385,2608
"ID","Cassia",1093,7150
"ID","Clark",66,235
"ID","Clearwater",1032,2541
"ID","Custer",530,1744
"ID","Elmore",2513,5227
"ID","Franklin",325,5195
"ID","Fremont",810,4907
"ID","Gem",1957,5311
"ID","Gooding",1287,3696
"ID","Idaho County",1722,5821
"ID","Jefferson",1303,9895
"ID","Jerome",1699,4804
"ID","Kootenai",18824,39347
"ID","Latah",8306,7589
"ID","Lemhi",960,3029
"ID","Lewis",396,1173
"ID","Lincoln",429,1141
"ID","Madison",832,13445
"ID","Minidoka",1390,5442
"ID","Nez Perce",6451,9967
"ID","Oneida",217,1838
"ID","Owyhee",833,2794
"ID","Payette",2271,6004
"ID","Power",982,1870
"ID","Shoshone",2277,2699
"ID","Teton",1926,2458
"ID","Twin Falls",7541,19773
"ID","Valley",2095,2664
"ID","Washington",1104,3128
"IL","Adams",9627,20371
"IL","Alexander",1961,1485
"IL","Bond",3016,4091
"IL","Boone",9868,11084
"IL","Brown",787,1511
"IL","Bureau",8118,8151
"IL","Calhoun",1079,1439
"IL","Carroll",3658,3551
"IL","Cass",2050,2707
"IL","Champaign",40378,35086
"IL","Christian",5487,8873
"IL","Clark",2587,5138
"IL","Clay",1581,4184
"IL","Clinton",5577,10493
"IL","Coles",9252,11623
"IL","Cook",1439123,479204
"IL","Crawford",2855,5577
"IL","Cumberland",1640,3506
"IL","DeKalb",21171,18906
"IL","DeWitt",2598,4576
"IL","Douglas",2426,5331
"IL","DuPage",197411,193333
"IL","Edgar",2563,5125
"IL","Edwards",754,2402
"IL","Effingham",3855,12491
"IL","Fayette",2848,5950
"IL","Ford",1654,4225
"IL","Franklin",7245,10253
"IL","Fulton",8324,6622
"IL","Gallatin",1028,1492
"IL","Greene",2023,3446
"IL","Grundy",9319,11198
"IL","Hamilton",1266,2566
"IL","Hancock",3246,4810
"IL","Hardin",742,1535
"IL","Henderson",1977,1538
"IL","Henry",12316,11564
"IL","Iroquois",3408,9115
"IL","Jackson",11306,9130
"IL","Jasper",1434,3511
"IL","Jefferson",6080,9805
"IL","Jersey",3656,6032
"IL","JoDaviess",5660,5529
"IL","Johnson",1571,3959
"IL","Kane",91120,89502
"IL","Kankakee",21574,23115
"IL","Kendall",21219,23076
"IL","Knox",12993,9133
"IL","Lake",151552,128609
"IL","LaSalle",23023,23207
"IL","Lawrence",2010,3853
"IL","Lee",6932,8046
"IL","Livingston",5014,9745
"IL","Logan",3974,7835
"IL","Macon",22688,25249
"IL","Macoupin",9440,10909
"IL","Madison",58813,60481
"IL","Marion",6210,9229
"IL","Marshall",2452,3287
"IL","Mason",2867,3265
"IL","Massac",2092,4278
"IL","McDonough",5957,6142
"IL","McHenry",59691,71488
"IL","McLean",31590,39638
"IL","Menard",2095,3944
"IL","Mercer",4503,3874
"IL","Monroe",6205,10879
"IL","Montgomery",5053,6771
"IL","Morgan",5792,7962
"IL","Moultrie",2142,3781
"IL","Ogle",9504,13409
"IL","Peoria",40050,36617
"IL","Perry",3813,5497
"IL","Piatt",3081,5412
"IL","Pike",2276,4853
"IL","Pope",649,1511
"IL","Pulaski",1389,1562
"IL","Putnam",1558,1500
"IL","Randolph",5753,8284
"IL","Richland",2360,4750
"IL","Rock Island",39081,24888
"IL","Saline",3697,6803
"IL","Sangamon",41961,50131
"IL","Schuyler",1726,2062
"IL","Scott",910,1586
"IL","Shelby",3336,6837
"IL","St. Clair",66749,49610
"IL","Stark",1095,1527
"IL","Stephenson",7954,8742
"IL","Tazewell",24385,35266
"IL","Union",3135,4951
"IL","Vermilion",10773,14888
"IL","Wabash",1588,3473
"IL","Warren",3893,3460
"IL","Washington",2448,4787
"IL","Wayne",1514,5984
"IL","White",2187,4729
"IL","Whiteside",12393,8676
"IL","Will",127522,118366
"IL","Williamson",10622,17880
"IL","Winnebago",60334,53722
"IL","Woodford",5564,12947
"IN","Adams",3800,8936
"IN","Allen",59834,84378
"IN","Bartholomew",10622,18083
"IN","Benton",1159,2329
"IN","Blackford",1927,2710
"IN","Boone",8326,18807
"IN","Brown",3056,4330
"IN","Carroll",2631,4993
"IN","Cass",5365,8432
"IN","Clark",20775,25422
"IN","Clay",3630,7065
"IN","Clinton",3307,6338
"IN","Crawford",2040,2418
"IN","Daviess",2437,7638
"IN","Dearborn",6527,15391
"IN","Decatur",2941,7119
"IN","DeKalb",5419,10586
"IN","Delaware",22630,21231
"IN","Dubois",6522,11654
"IN","Elkhart",24376,42348
"IN","Fayette",3553,5044
"IN","Floyd",14805,19868
"IN","Fountain",2233,4660
"IN","Franklin",2907,7421
"IN","Fulton",2621,5315
"IN","Gibson",4928,9487
"IN","Grant",9589,15148
"IN","Greene",4340,8457
"IN","Hamilton",43794,90740
"IN","Hancock",9303,22750
"IN","Harrison",6600,10629
"IN","Hendricks",21100,44308
"IN","Henry",7613,10836
"IN","Howard",15097,20284
"IN","Huntington",4596,10862
"IN","Jackson",5838,10419
"IN","Jasper",4672,7955
"IN","Jay",3063,4643
"IN","Jefferson",5728,7096
"IN","Jennings",3818,6112
"IN","Johnson",17080,39136
"IN","Knox",5228,9612
"IN","Kosciusko",6862,22553
"IN","LaGrange",2897,6227
"IN","Lake",130824,68397
"IN","LaPorte",24104,18609
"IN","Lawrence",5779,11622
"IN","Madison",24404,26755
"IN","Marion",215474,136131
"IN","Marshall",6136,11260
"IN","Martin",1351,3262
"IN","Miami",4220,8163
"IN","Monroe",22885,16254
"IN","Montgomery",4244,9768
"IN","Morgan",7969,19591
"IN","Newton",2212,3291
"IN","Noble",5229,10680
"IN","Ohio",992,1757
"IN","Orange",2939,4615
"IN","Owen",2823,5062
"IN","Parke",2106,4228
"IN","Perry",4314,3403
"IN","Pike",2125,3627
"IN","Porter",36950,34197
"IN","Posey",4531,7427
"IN","Pulaski",1899,3366
"IN","Putnam",4504,9004
"IN","Randolph",3768,6218
"IN","Ripley",3241,7484
"IN","Rush",2221,4633
"IN","Scott",3998,4539
"IN","Shelby",5357,10972
"IN","Spencer",4026,5515
"IN","St. Joseph",56458,52575
"IN","Starke",3809,4738
"IN","Steuben",4846,8542
"IN","Sullivan",3191,4902
"IN","Switzerland",1437,1872
"IN","Tippecanoe",26642,28708
"IN","Tipton",2432,4773
"IN","Union",1018,2022
"IN","Vanderburgh",31659,39504
"IN","Vermillion",2979,3426
"IN","Vigo",19707,19368
"IN","Wabash",3929,8528
"IN","Warren",1324,2377
"IN","Warrick",8791,15350
"IN","Washington",3909,6532
"IN","Wayne",10591,14321
"IN","Wells",3434,9255
"IN","White",3635,5970
"IN","Whitley",4420,10257
"KS","Allen",1842,3261
"KS","Anderson",937,2246
"KS","Atchison",2486,3836
"KS","Barber",473,1753
"KS","Barton",2693,9132
"KS","Bourbon",1951,4022
"KS","Brown",1039,2738
"KS","Butler",7124,17764
"KS","Chase",343,857
"KS","Chautauqua",259,1201
"KS","Cherokee",2868,5345
"KS","Cheyenne",231,1157
"KS","Clark",171,791
"KS","Clay",811,2715
"KS","Cloud",951,2886
"KS","Coffey",884,2860
"KS","Comanche",141,756
"KS","Cowley",4219,7932
"KS","Crawford",6545,7480
"KS","Decatur",266,1219
"KS","Dickinson",1962,5709
"KS","Doniphan",885,2397
"KS","Douglas",28012,17028
"KS","Edwards",291,1048
"KS","Elk",277,1040
"KS","Ellis",3464,9057
"KS","Ellsworth",696,1905
"KS","Finney",2307,5108
"KS","Ford",2468,5459
"KS","Franklin",3611,6893
"KS","Geary",3158,4242
"KS","Gove",174,1155
"KS","Graham",248,1044
"KS","Grant",437,1742
"KS","Gray",304,1568
"KS","Greeley",112,539
"KS","Greenwood",653,1986
"KS","Hamilton",159,678
"KS","Harper",536,1723
"KS","Harvey",5162,8352
"KS","Haskell",202,1131
"KS","Hodgeman",178,857
"KS","Jackson",1870,3476
"KS","Jefferson",2883,4647
"KS","Jewell",225,1220
"KS","Johnson",107651,155442
"KS","Kearny",261,1060
"KS","Kingman",731,2371
"KS","Kiowa",160,970
"KS","Labette",3074,4668
"KS","Lane",170,732
"KS","Leavenworth",11072,16825
"KS","Lincoln",284,1148
"KS","Linn",1108,3079
"KS","Logan",194,1084
"KS","Lyon",4972,6358
"KS","Marion",1371,3865
"KS","Marshall",1451,3123
"KS","McPherson",3384,8399
"KS","Meade",254,1394
"KS","Miami",4635,9726
"KS","Mitchell",576,2293
"KS","Montgomery",3406,8417
"KS","Morris",705,1750
"KS","Morton",180,1050
"KS","Nemaha",988,3878
"KS","Neosho",2012,4193
"KS","Ness",211,1190
"KS","Norton",393,1855
"KS","Osage",2228,4336
"KS","Osborne",320,1448
"KS","Ottawa",548,2260
"KS","Pawnee",704,1808
"KS","Phillips",376,2116
"KS","Pottawatomie",2291,6692
"KS","Pratt",974,2730
"KS","Rawlins",184,1207
"KS","Reno",7888,15398
"KS","Republic",470,2098
"KS","Rice",899,2631
"KS","Riley",8587,11157
"KS","Rooks",398,2159
"KS","Rush",361,1151
"KS","Russell",584,2505
"KS","Saline",6910,13697
"KS","Scott",271,1702
"KS","Sedgwick",69373,104411
"KS","Seward",1393,3495
"KS","Shawnee",35959,37226
"KS","Sheridan",165,1136
"KS","Sherman",575,1967
"KS","Smith",345,1598
"KS","Stafford",403,1382
"KS","Stanton",135,571
"KS","Stevens",241,1724
"KS","Sumner",2617,6162
"KS","Thomas",576,2729
"KS","Trego",289,1230
"KS","Wabaunsee",908,2230
"KS","Wallace",68,702
"KS","Washington",515,2300
"KS","Wichita",157,821
"KS","Wilson",813,2812
"KS","Woodson",377,1030
"KS","Wyandotte",33265,15273
"KY","Adair",1660,5841
"KY","Allen",1808,5184
"KY","Anderson",3315,6822
"KY","Ballard",1189,2647
"KY","Barren",5400,10922
"KY","Bath",1770,2275
"KY","Bell",2224,7127
"KY","Boone",15628,35920
"KY","Bourbon",3075,4692
"KY","Boyd",7776,10883
"KY","Boyle",4471,7703
"KY","Bracken",1147,2029
"KY","Breathitt",1562,3318
"KY","Breckinridge",2825,5025
"KY","Bullitt",9971,21306
"KY","Butler",1293,3716
"KY","Caldwell",1852,3904
"KY","Calloway",5314,9438
"KY","Campbell",15080,24240
"KY","Carlisle",750,1835
"KY","Carroll",1629,1999
"KY","Carter",3383,5279
"KY","Casey",1086,4904
"KY","Christian",8252,13475
"KY","Clark",5228,9931
"KY","Clay",1111,6176
"KY","Clinton",752,3569
"KY","Crittenden",960,2839
"KY","Cumberland",599,2216
"KY","Daviess",16208,25092
"KY","Edmonson",1374,3232
"KY","Elliott",1186,1126
"KY","Estill",1356,3749
"KY","Fayette",62078,60793
"KY","Fleming",1911,3780
"KY","Floyd",4733,9784
"KY","Franklin",11535,11345
"KY","Fulton",1022,1425
"KY","Gallatin",1238,1758
"KY","Garrard",1661,5310
"KY","Grant",2810,5664
"KY","Graves",4547,10699
"KY","Grayson",2744,6404
"KY","Green",1165,3634
"KY","Greenup",6027,8855
"KY","Hancock",1833,2212
"KY","Hardin",15214,23357
"KY","Harlan",1830,8653
"KY","Harrison",2471,4556
"KY","Hart",2283,4256
"KY","Henderson",8091,10296
"KY","Henry",2529,3940
"KY","Hickman",686,1431
"KY","Hopkins",5789,13681
"KY","Jackson",612,4365
"KY","Jefferson",186164,148415
"KY","Jessamine",6001,14232
"KY","Johnson",1723,7095
"KY","Kenton",24917,41387
"KY","Knott",1420,4130
"KY","Knox",2484,8467
"KY","LaRue",1733,3911
"KY","Laurel",3905,18151
"KY","Lawrence",1520,3995
"KY","Lee",595,1977
"KY","Leslie",433,4439
"KY","Letcher",1702,6811
"KY","Lewis",1342,3326
"KY","Lincoln",2582,6416
"KY","Livingston",1346,3089
"KY","Logan",3469,6899
"KY","Lyon",1373,2412
"KY","Madison",11512,21128
"KY","Magoffin",1433,3391
"KY","Marion",3418,3800
"KY","Marshall",5022,10402
"KY","Martin",574,3180
"KY","Mason",2592,4197
"KY","McCracken",10062,19979
"KY","McCreary",1069,4564
"KY","McLean",1432,2705
"KY","Meade",4122,6606
"KY","Menifee",1048,1484
"KY","Mercer",2966,6820
"KY","Metcalfe",1425,2676
"KY","Monroe",936,3762
"KY","Montgomery",3701,6398
"KY","Morgan",1369,3021
"KY","Muhlenberg",4771,7762
"KY","Nelson",7611,10673
"KY","Nicholas",948,1583
"KY","Ohio",2987,6470
"KY","Oldham",9240,20179
"KY","Owen",1501,2971
"KY","Owsley",283,1279
"KY","Pendleton",1859,3556
"KY","Perry",2047,8040
"KY","Pike",5645,17589
"KY","Powell",1620,2726
"KY","Pulaski",4976,20714
"KY","Robertson",340,579
"KY","Rockcastle",1097,5028
"KY","Rowan",3438,4035
"KY","Russell",1445,6346
"KY","Scott",7532,12679
"KY","Shelby",6634,11790
"KY","Simpson",2650,4355
"KY","Spencer",2549,5726
"KY","Taylor",3284,7551
"KY","Todd",1403,3247
"KY","Trigg",2115,4520
"KY","Trimble",1355,2133
"KY","Union",1941,3952
"KY","Warren",16805,26384
"KY","Washington",1669,3495
"KY","Wayne",1855,5289
"KY","Webster",1765,3607
"KY","Whitley",2683,10232
"KY","Wolfe",976,1542
"KY","Woodford",4883,7218
"LA","Acadia",6559,19931
"LA","Allen",2616,6495
"LA","Ascension",16343,33846
"LA","Assumption",4754,6082
"LA","Avoyelles",6075,10667
"LA","Beauregard",2827,11111
"LA","Bienville",3490,3641
"LA","Bossier",12955,34986
"LA","Caddo",57879,52378
"LA","Calcasieu",28357,51844
"LA","Caldwell",1016,3640
"LA","Cameron",408,3260
"LA","Catahoula",1408,2744
"LA","Claiborne",3014,3649
"LA","Concordia",3833,5450
"LA","DeSoto",5552,7353
"LA","East Baton Rouge",102460,92235
"LA","East Carroll",2244,1122
"LA","East Feliciana",4648,5397
"LA","Evangeline",5330,10176
"LA","Franklin",2921,6294
"LA","Grant",1421,7082
"LA","Iberia",12129,20890
"LA","Iberville",9548,7271
"LA","Jackson",2305,5132
"LA","Jefferson",70000,102325
"LA","Jefferson Davis",3483,10014
"LA","Lafayette",31766,64989
"LA","Lafourche",9543,28332
"LA","LaSalle",764,5726
"LA","Lincoln",7947,10731
"LA","Livingston",7448,45488
"LA","Madison",3154,2000
"LA","Morehouse",5887,6591
"LA","Natchitoches",7941,9077
"LA","Orleans",126199,27967
"LA","Ouachita",26629,40927
"LA","Plaquemines",3597,6469
"LA","Pointe Coupee",5436,6548
"LA","Rapides",20040,37187
"LA","Red River",2253,2483
"LA","Richland",4074,7316
"LA","Sabine",2194,7735
"LA","St. Bernard",5052,8497
"LA","St. Charles",8894,15936
"LA","St. Helena",4233,2756
"LA","St. James",7055,5209
"LA","St. John the Baptist",13178,7620
"LA","St. Landry",19668,21475
"LA","St. Martin",9419,15653
"LA","St. Mary",9448,13883
"LA","St. Tammany",25723,84710
"LA","Tangipahoa",17720,31583
"LA","Tensas",1564,1230
"LA","Terrebonne",12071,29500
"LA","Union",3075,7561
"LA","Vermilion",5718,18909
"LA","Vernon",3173,12146
"LA","Washington",6351,11470
"LA","Webster",6802,11397
"LA","West Baton Rouge",5692,6920
"LA","West Carroll",853,3628
"LA","West Feliciana",2441,3257
"LA","Winn",1919,4539
"MA","Barnstable",70329,6022
"MA","Berkshire",48596,14209
"MA","Bristol",142481,93448
"MA","Dukes",7955,2789
"MA","Essex",208723,149808
"MA","Franklin",27024,9338
"MA","Hampden",122571,72318
"MA","Hampshire",58552,21366
"MA","Middlesex",467173,266307
"MA","Nantucket",3828,2185
"MA","Norfolk",200891,144654
"MA","Plymouth",129577,119833
"MA","Suffolk",219208,58872
"MA","Worcester",195667,162022
"MD","Allegany",9501,18941
"MD","Anne Arundel",126635,126832
"MD","Baltimore",202733,144686
"MD","Baltimore City",202327,25661
"MD","Calvert",19996,23474
"MD","Caroline",4761,7877
"MD","Carroll",27337,55939
"MD","Cecil",16222,24497
"MD","Charles",47028,24569
"MD","Dorchester",6988,7849
"MD","Frederick",53407,57657
"MD","Garrett",3000,9553
"MD","Harford",48263,71751
"MD","Howard",88094,56436
"MD","Kent",4725,4796
"MD","Montgomery",286633,110971
"MD","Prince George's",317342,32236
"MD","Queen Anne's",8242,15409
"MD","Somerset",5240,5042
"MD","St. Mary's",18900,26100
"MD","Talbot",8574,11172
"MD","Washington",23282,34113
"MD","Wicomico",18682,21214
"MD","Worcester",10590,15511
"ME","Androscoggin",28912,22210
"ME","Aroostook",17844,15229
"ME","Cumberland",100977,58008
"ME","Franklin",9292,6305
"ME","Hancock",17533,12398
"ME","Kennebec",35022,26506
"ME","Knox",13227,8262
"ME","Lincoln",11298,8884
"ME","Oxford",16052,11766
"ME","Penobscot",38816,36592
"ME","Piscataquis",4168,4577
"ME","Sagadahoc",11821,8429
"ME","Somerset",12211,11798
"ME","Waldo",11292,9055
"ME","Washington",7797,7539
"ME","York",61492,43879
"MI","Alcona",2462,3571
"MI","Alger",2212,2329
"MI","Allegan",19594,29023
"MI","Alpena",6549,7298
"MI","Antrim",5107,7917
"MI","Arenac",3669,4054
"MI","Baraga",1574,1866
"MI","Barry",11496,16651
"MI","Bay",26797,23735
"MI","Benzie",4683,5071
"MI","Berrien",33465,38209
"MI","Branch",6526,9575
"MI","Calhoun",29270,28338
"MI","Cass",9587,12660
"MI","Charlevoix",5936,7997
"MI","Cheboygan",5829,7284
"MI","Chippewa",7100,8278
"MI","Clare",6337,6988
"MI","Clinton",18187,20630
"MI","Crawford",2994,3744
"MI","Delta",8330,9533
"MI","Dickinson",4952,7688
"MI","Eaton",27912,26193
"MI","Emmet",7225,10253
"MI","Genesee",128972,71807
"MI","Gladwin",5760,6661
"MI","Gogebic",4058,3444
"MI","Grand Traverse",20875,26532
"MI","Gratiot",7606,8236
"MI","Hillsdale",7106,11727
"MI","Houghton",6530,8040
"MI","Huron",6432,8686
"MI","Ingham",80903,45365
"MI","Ionia",11016,14319
"MI","Iosco",6242,6906
"MI","Iron",2687,3224
"MI","Isabella",13038,10800
"MI","Jackson",32301,36298
"MI","Kalamazoo",69045,52660
"MI","Kalkaska",3268,4897
"MI","Kent",134560,157801
"MI","Keweenaw",582,774
"MI","Lake",2752,2487
"MI","Lapeer",18786,23725
"MI","Leelanau",6576,7483
"MI","Lenawee",21774,22351
"MI","Livingston",37186,60000
"MI","Luce",951,1501
"MI","Mackinac",2652,3396
"MI","Macomb",207992,191896
"MI","Manistee",6467,5736
"MI","Marquette",18126,13609
"MI","Mason",6856,7580
"MI","Mecosta",7515,9175
"MI","Menominee",5244,5565
"MI","Midland",17480,23942
"MI","Missaukee",2274,4665
"MI","Monroe",36310,35593
"MI","Montcalm",11431,13624
"MI","Montmorency",2049,2928
"MI","Muskegon",44436,30882
"MI","Newaygo",8723,12458
"MI","Oakland",349055,296531
"MI","Oceana",5063,6239
"MI","Ogemaw",4791,5437
"MI","Ontonagon",1585,1906
"MI","Osceola",3981,6140
"MI","Oscoda",1654,2308
"MI","Otsego",4681,7008
"MI","Ottawa",43068,88503
"MI","Presque Isle",3192,3794
"MI","Roscommon",6198,6701
"MI","Saginaw",54372,42716
"MI","Sanilac",7212,10961
"MI","Schoolcraft",1865,2142
"MI","Shiawassee",17197,15962
"MI","St. Clair",33845,39076
"MI","St. Joseph",10106,12975
"MI","Tuscola",11643,14517
"MI","Van Buren",16288,16140
"MI","Washtenaw",120791,56401
"MI","Wayne",595253,213586
"MI","Wexford",5717,7972
"MN","Aitkin",4412,4533
"MN","Anoka",88611,93430
"MN","Becker",6829,9204
"MN","Beltrami",11818,9637
"MN","Benton",8173,10849
"MN","Big Stone",1345,1385
"MN","Blue Earth",18164,14916
"MN","Brown",5630,7938
"MN","Carlton",11389,6586
"MN","Carver",20745,31155
"MN","Cass",6858,8957
"MN","Chippewa",3083,2967
"MN","Chisago",12524,16227
"MN","Clay",15210,12920
"MN","Clearwater",1753,2359
"MN","Cook",1993,1221
"MN","Cottonwood",2433,3316
"MN","Crow Wing",14760,19415
"MN","Dakota",116252,109514
"MN","Dodge",4487,5522
"MN","Douglas",8665,11905
"MN","Faribault",3407,4104
"MN","Fillmore",5713,4913
"MN","Freeborn",9327,6970
"MN","Goodhue",12212,12986
"MN","Grant",1647,1748
"MN","Hennepin",423979,240073
"MN","Houston",5281,4951
"MN","Hubbard",4676,6622
"MN","Isanti",8024,11675
"MN","Itasca",12852,10500
"MN","Jackson",2268,3044
"MN","Kanabec",3586,4319
"MN","Kandiyohi",9806,11239
"MN","Kittson",1241,1095
"MN","Koochiching",3451,2841
"MN","Lac Qui Parle",1974,1938
"MN","Lake",4043,2610
"MN","Lake of the Woods",859,1306
"MN","Le Sueur",6753,7714
"MN","Lincoln",1428,1594
"MN","Lyon",5465,6595
"MN","Mahnomen",1276,871
"MN","Marshall",1854,2380
"MN","Martin",4054,6657
"MN","McLeod",6970,11069
"MN","Meeker",4969,6913
"MN","Mille Lacs",5829,6951
"MN","Morrison",6153,10159
"MN","Mower",11129,6938
"MN","Murray",2160,2504
"MN","Nicollet",9652,8214
"MN","Nobles",3793,4581
"MN","Norman",1730,1384
"MN","Olmsted",39338,36832
"MN","Otter Tail",12165,18860
"MN","Pennington",3024,3304
"MN","Pine",6750,6845
"MN","Pipestone",1728,2828
"MN","Polk",6773,7615
"MN","Pope",2981,3142
"MN","Ramsey",184936,86799
"MN","Red Lake",928,978
"MN","Redwood",3008,4570
"MN","Renville",3394,4149
"MN","Rice",17054,14380
"MN","Rock",1945,2810
"MN","Roseau",2772,4409
"MN","Scott",29714,40321
"MN","Sherburne",17597,27848
"MN","Sibley",2916,4693
"MN","St. Louis",74177,39675
"MN","Stearns",33552,43015
"MN","Steele",8706,9903
"MN","Stevens",2742,2766
"MN","Swift",2751,2248
"MN","Todd",4819,6719
"MN","Traverse",942,860
"MN","Wabasha",5415,6049
"MN","Wadena",2492,4143
"MN","Waseca",4370,5116
"MN","Washington",70203,69137
"MN","Watonwan",2494,2517
"MN","Wilkin",1258,1884
"MN","Winona",14980,11480
"MN","Wright",26584,41460
"MN","Yellow Medicine",2465,2806
"MO","Adair",4218,5648
"MO","Andrew",2649,5457
"MO","Atchison",756,1902
"MO","Audrain",3538,6186
"MO","Barry",3667,9832
"MO","Barton",1232,4416
"MO","Bates",2557,5020
"MO","Benton",2925,6069
"MO","Bollinger",1213,4094
"MO","Boone",39782,37343
"MO","Buchanan",15594,18660
"MO","Butler",4363,12248
"MO","Caldwell",1313,2724
"MO","Callaway",6070,11742
"MO","Camden",6458,15089
"MO","Cape Girardeau",9713,25343
"MO","Carroll",1154,3072
"MO","Carter",754,1978
"MO","Cass",17044,30912
"MO","Cedar",1536,4375
"MO","Chariton",1339,2402
"MO","Christian",9809,27465
"MO","Clark",1398,1730
"MO","Clay",47250,56131
"MO","Clinton",3685,5904
"MO","Cole",12003,24488
"MO","Cooper",2474,4887
"MO","Crawford",2951,6434
"MO","Dade",939,2895
"MO","Dallas",2122,4992
"MO","Daviess",1124,2282
"MO","DeKalb",1194,3056
"MO","Dent",1585,4883
"MO","Douglas",1709,4649
"MO","Dunklin",3635,6849
"MO","Franklin",16294,29271
"MO","Gasconade",2099,4895
"MO","Gentry",937,1986
"MO","Greene",46130,76786
"MO","Grundy",1212,3030
"MO","Harrison",984,2624
"MO","Henry",3604,6229
"MO","Hickory",1733,2835
"MO","Holt",551,1725
"MO","Howard",1722,3012
"MO","Howell",4393,11541
"MO","Iron",1669,2252
"MO","Jackson",180100,121891
"MO","Jasper",12808,31345
"MO","Jefferson",41570,53973
"MO","Johnson",7661,12750
"MO","Knox",698,1205
"MO","LaClede",4093,10934
"MO","Lafayette",5650,9800
"MO","Lawrence",4014,11417
"MO","Lewis",1507,2677
"MO","Lincoln",7733,14330
"MO","Linn",2031,3331
"MO","Livingston",1906,4006
"MO","Macon",2309,4700
"MO","Madison",1588,3227
"MO","Maries",1299,3165
"MO","Marion",4034,7926
"MO","McDonald",1920,5694
"MO","Mercer",353,1255
"MO","Miller",2651,8099
"MO","Mississippi",1857,2996
"MO","Moniteau",1608,4703
"MO","Monroe",1398,2564
"MO","Montgomery",1734,3486
"MO","Morgan",2773,5733
"MO","New Madrid",2814,4284
"MO","Newton",6425,18179
"MO","Nodaway",3172,5593
"MO","Oregon",1419,2886
"MO","Osage",1472,5330
"MO","Ozark",1261,3080
"MO","Pemiscot",2671,3596
"MO","Perry",2184,5669
"MO","Pettis",5902,10840
"MO","Phelps",5798,11893
"MO","Pike",2581,4576
"MO","Platte",19171,25617
"MO","Polk",3580,9252
"MO","Pulaski",4199,9092
"MO","Putnam",587,1673
"MO","Ralls",1736,3231
"MO","Randolph",3031,6667
"MO","Ray",4264,5805
"MO","Reynolds",1155,1927
"MO","Ripley",1396,3743
"MO","Saline",3785,5096
"MO","Schuyler",697,1174
"MO","Scotland",643,1246
"MO","Scott",5122,11623
"MO","Shannon",1300,2260
"MO","Shelby",966,2188
"MO","St. Charles",71798,110732
"MO","St. Clair",1460,3019
"MO","St. Francois",8837,13248
"MO","St. Louis City",116654,22617
"MO","St. Louis County",294735,223102
"MO","Ste. Genevieve",3813,4055
"MO","Stoddard",3153,9496
"MO","Stone",3920,11780
"MO","Sullivan",908,1610
"MO","Taney",5462,15713
"MO","Texas",2871,7618
"MO","Vernon",2580,5756
"MO","Warren",5219,9150
"MO","Washington",3402,5008
"MO","Wayne",1811,3790
"MO","Webster",4407,10702
"MO","Worth",341,664
"MO","Wright",1953,5831
"MS","Adams",7999,5542
"MS","Alcorn",3449,11027
"MS","Amite",3218,4393
"MS","Attala",3368,4452
"MS","Benton",2026,2030
"MS","Bolivar",9772,4346
"MS","Calhoun",2250,3961
"MS","Carroll",1990,3953
"MS","Chickasaw",3914,3601
"MS","Choctaw",1283,2533
"MS","Claiborne",4633,608
"MS","Clarke",2695,4415
"MS","Clay",5860,3735
"MS","Coahoma",7164,2356
"MS","Copiah",7201,5714
"MS","Covington",3800,5282
"MS","DeSoto",20979,42399
"MS","Forrest",12079,15339
"MS","Franklin",1706,2705
"MS","George",1352,8353
"MS","Greene",1325,4528
"MS","Grenada",5279,5980
"MS","Hancock",3879,12859
"MS","Harrison",22242,38646
"MS","Hinds",70512,26450
"MS","Holmes",6775,1264
"MS","Humphreys",3399,1069
"MS","Issaquena",479,302
"MS","Itawamba",1599,6925
"MS","Jackson",15452,33262
"MS","Jasper",5097,4193
"MS","Jefferson",3508,431
"MS","Jefferson Davis",4094,2439
"MS","Jones",9146,20635
"MS","Kemper",3239,1789
"MS","Lafayette",7098,9772
"MS","Lamar",5037,17472
"MS","Lauderdale",12642,17322
"MS","Lawrence",2394,4153
"MS","Leake",3599,4283
"MS","Lee",12043,22004
"MS","Leflore",8423,3115
"MS","Lincoln",4879,9333
"MS","Lowndes",12037,12399
"MS","Madison",20722,28507
"MS","Marion",3833,7118
"MS","Marshall",9581,6444
"MS","Monroe",6990,9661
"MS","Montgomery",2245,2543
"MS","Neshoba",3030,7772
"MS","Newton",3069,5909
"MS","Noxubee",4920,1325
"MS","Oktibbeha",8030,7728
"MS","Panola",9079,7629
"MS","Pearl River",3813,15836
"MS","Perry",1519,4110
"MS","Pike",9304,7986
"MS","Pontotoc",2785,9403
"MS","Prentiss",2817,7075
"MS","Quitman",2837,1116
"MS","Rankin",14425,46318
"MS","Scott",4774,5728
"MS","Sharkey",1571,675
"MS","Simpson",4723,7424
"MS","Smith",1979,6049
"MS","Stone",1794,4924
"MS","Sunflower",7989,2907
"MS","Tallahatchie",3838,2480
"MS","Tate",4572,6666
"MS","Tippah",2254,6625
"MS","Tishomingo",1623,6070
"MS","Tunica",3371,867
"MS","Union",2481,7759
"MS","Walthall",3386,4012
"MS","Warren",9899,9390
"MS","Washington",12188,4870
"MS","Wayne",4116,6080
"MS","Webster",1087,3684
"MS","Wilkinson",2940,1275
"MS","Winston",4557,5147
"MS","Yalobusha",2984,3261
"MS","Yazoo",6220,4560
"MT","Beaverhead",1347,3251
"MT","Big Horn",2830,1655
"MT","Blaine",1598,1169
"MT","Broadwater",761,2150
"MT","Carbon",2126,3513
"MT","Carter",96,678
"MT","Cascade",14949,18039
"MT","Chouteau",969,1751
"MT","Custer",1824,3353
"MT","Daniels",236,735
"MT","Dawson",1219,3024
"MT","Deer Lodge",2829,1431
"MT","Fallon",236,1123
"MT","Fergus",1628,4243
"MT","Flathead",13534,27694
"MT","Gallatin",21534,24051
"MT","Garfield",66,622
"MT","Glacier",2784,1391
"MT","Golden Valley",110,351
"MT","Granite",533,1107
"MT","Hill",3372,3133
"MT","Jefferson",2256,4042
"MT","Judith Basin",336,852
"MT","Lake",5715,7084
"MT","Lewis and Clark",15479,16673
"MT","Liberty",257,698
"MT","Lincoln",2544,6045
"MT","Madison",1285,3115
"MT","McCone",221,742
"MT","Meagher",269,670
"MT","Mineral",698,1212
"MT","Missoula",34380,23285
"MT","Musselshell",482,1792
"MT","Park",3728,4637
"MT","Petroleum",49,240
"MT","Phillips",471,1688
"MT","Pondera",969,1666
"MT","Powder River",170,833
"MT","Powell",884,1798
"MT","Prairie",167,518
"MT","Ravalli",6466,12817
"MT","Richland",992,3479
"MT","Roosevelt",2044,1503
"MT","Rosebud",1478,2035
"MT","Sanders",1716,3971
"MT","Sheridan",661,1203
"MT","Silver Bow",10782,5374
"MT","Stillwater",1209,3237
"MT","Sweet Grass",473,1584
"MT","Teton",1073,2091
"MT","Toole",582,1440
"MT","Treasure",114,317
"MT","Valley",1386,2337
"MT","Wheatland",272,690
"MT","Wibaux",25,421
"MT","Yellowstone",26275,40421
"NC","Alamance",28341,37712
"NC","Alexander",4591,12207
"NC","Alleghany",1574,3378
"NC","Anson",6894,4125
"NC","Ashe",4100,8207
"NC","Avery",1861,5708
"NC","Beaufort",9399,13918
"NC","Bertie",6537,3367
"NC","Bladen",8277,7947
"NC","Brunswick",21932,34587
"NC","Buncombe",70066,54429
"NC","Burke",13577,22109
"NC","Cabarrus",32453,49125
"NC","Caldwell",10795,23069
"NC","Camden",1456,2995
"NC","Carteret",10197,24598
"NC","Caswell",5183,5471
"NC","Catawba",23954,44386
"NC","Chatham",18252,16578
"NC","Cherokee",3339,9201
"NC","Chowan",3507,3872
"NC","Clay",1573,3952
"NC","Cleveland",16734,25440
"NC","Columbus",10973,12863
"NC","Craven",18556,26654
"NC","Cumberland",74991,50191
"NC","Currituck",3521,7431
"NC","Dare",7258,10102
"NC","Davidson",20291,48935
"NC","Davie",5652,14568
"NC","Duplin",8923,11330
"NC","Durham",109185,33326
"NC","Edgecombe",18249,8494
"NC","Forsyth",91606,79177
"NC","Franklin",13317,14480
"NC","Gaston",32903,55817
"NC","Gates",2745,2532
"NC","Graham",1115,2743
"NC","Granville",13529,12332
"NC","Greene",3761,4393
"NC","Guilford",145483,103964
"NC","Halifax",16931,8686
"NC","Harnett",16858,25070
"NC","Haywood",11742,15553
"NC","Henderson",18519,32860
"NC","Hertford",7815,3001
"NC","Hoke",9915,6721
"NC","Hyde",1157,1183
"NC","Iredell",25952,49071
"NC","Jackson",8052,8224
"NC","Johnston",27052,48206
"NC","Jones",2335,2825
"NC","Lee",10577,13000
"NC","Lenoir",13350,13763
"NC","Lincoln",10980,25184
"NC","Macon",5692,10817
"NC","Madison",4466,5379
"NC","Martin",6514,5963
"NC","McDowell",6006,11732
"NC","Mecklenburg",270705,170490
"NC","Mitchell",1810,5778
"NC","Montgomery",4689,6389
"NC","Moore",16371,29336
"NC","Nash",24214,23769
"NC","New Hanover",48038,52792
"NC","Northampton",7210,3474
"NC","Onslow",18115,31695
"NC","Orange",53404,21398
"NC","Pamlico",2632,4032
"NC","Pasquotank",9970,7216
"NC","Pender",9455,14368
"NC","Perquimans",2747,3814
"NC","Person",8384,10467
"NC","Pitt",40701,35534
"NC","Polk",4000,6219
"NC","Randolph",14675,44913
"NC","Richmond",9747,9236
"NC","Robeson",23957,17093
"NC","Rockingham",16170,25037
"NC","Rowan",22529,38622
"NC","Rutherford",9277,18797
"NC","Sampson",11496,14358
"NC","Scotland",8131,5799
"NC","Stanly",8287,19698
"NC","Stokes",5969,15142
"NC","Surry",9005,19753
"NC","Swain",2618,2976
"NC","Transylvania",6740,9522
"NC","Tyrrell",835,929
"NC","Union",32032,60468
"NC","Vance",13286,7406
"NC","Wake",286939,232933
"NC","Warren",6635,3111
"NC","Washington",3811,2615
"NC","Watauga",13371,14124
"NC","Wayne",23154,27536
"NC","Wilkes",8089,20410
"NC","Wilson",20745,17904
"NC","Yadkin",3928,12500
"NC","Yancey",3954,5249
"ND","Adams",328,916
"ND","Barnes",2389,2953
"ND","Benson",1232,867
"ND","Billings",89,472
"ND","Bottineau",1163,2246
"ND","Bowman",412,1277
"ND","Burke",230,766
"ND","Burleigh",14036,27811
"ND","Cass",34632,36792
"ND","Cavalier",818,1192
"ND","Dickey",849,1601
"ND","Divide",382,731
"ND","Dunn",493,1494
"ND","Eddy",484,631
"ND","Emmons",383,1430
"ND","Foster",604,1028
"ND","Golden Valley",161,740
"ND","Grand Forks",14008,15044
"ND","Grant",331,1012
"ND","Griggs",535,770
"ND","Hettinger",313,998
"ND","Kidder",393,870
"ND","LaMoure",737,1374
"ND","Logan",221,799
"ND","McHenry",924,1651
"ND","McIntosh",456,1028
"ND","McKenzie",926,2450
"ND","McLean",1660,3130
"ND","Mercer",1161,3132
"ND","Morton",4467,8669
"ND","Mountrail",1401,1960
"ND","Nelson",766,862
"ND","Oliver",281,693
"ND","Pembina",1245,1893
"ND","Pierce",656,1462
"ND","Ramsey",2162,2659
"ND","Ransom",1341,1008
"ND","Renville",398,850
"ND","Richland",3190,4213
"ND","Rolette",3351,1090
"ND","Sargent",1073,876
"ND","Sheridan",161,637
"ND","Sioux",900,223
"ND","Slope",83,341
"ND","Stark",2805,8509
"ND","Steele",515,495
"ND","Stutsman",3561,5641
"ND","Towner",511,619
"ND","Traill",1784,1963
"ND","Walsh",2118,2809
"ND","Ward",8412,16176
"ND","Wells",671,1646
"ND","Williams",2288,7087
"NE","Adams",3991,8235
"NE","Antelope",571,2585
"NE","Arthur",30,227
"NE","Banner",55,339
"NE","Blaine",29,268
"NE","Boone",615,2136
"NE","Box Butte",1634,2795
"NE","Boyd",186,852
"NE","Brown",223,1298
"NE","Buffalo",5266,13378
"NE","Burt",1280,2016
"NE","Butler",1028,2729
"NE","Cass",4298,7453
"NE","Cedar",952,3231
"NE","Chase",252,1573
"NE","Cherry",436,2557
"NE","Cheyenne",983,3134
"NE","Clay",662,2213
"NE","Colfax",959,2045
"NE","Cuming",1015,2858
"NE","Custer",1066,4251
"NE","Dakota",2831,3048
"NE","Dawes",1102,2435
"NE","Dawson",2157,5370
"NE","Deuel",215,763
"NE","Dixon",870,1745
"NE","Dodge",5588,8937
"NE","Douglas",99261,108319
"NE","Dundy",176,791
"NE","Fillmore",794,1972
"NE","Franklin",381,1110
"NE","Frontier",381,1005
"NE","Furnas",422,1767
"NE","Gage",3870,5470
"NE","Garden",242,829
"NE","Garfield",147,762
"NE","Gosper",230,732
"NE","Grant",30,322
"NE","Greeley",340,820
"NE","Hall",6971,12412
"NE","Hamilton",1136,3582
"NE","Harlan",311,1248
"NE","Hayes",50,473
"NE","Hitchcock",310,1386
"NE","Holt",862,3789
"NE","Hooker",59,330
"NE","Howard",914,1890
"NE","Jefferson",1185,2156
"NE","Johnson",790,1223
"NE","Kearney",761,2341
"NE","Keith",920,3036
"NE","Keya Paha",80,392
"NE","Kimball",391,1222
"NE","Knox",1055,2878
"NE","Lancaster",59970,61177
"NE","Lincoln",4350,10545
"NE","Logan",68,356
"NE","Loup",62,290
"NE","Madison",3368,9874
"NE","McPherson",41,237
"NE","Merrick",921,2477
"NE","Morrill",450,1658
"NE","Nance",477,1098
"NE","Nemaha",1089,1979
"NE","Nuckolls",567,1563
"NE","Otoe",2542,4226
"NE","Pawnee",396,897
"NE","Perkins",237,1133
"NE","Phelps",875,3372
"NE","Pierce",637,2707
"NE","Platte",3095,9963
"NE","Polk",527,1886
"NE","Red Willow",940,3855
"NE","Richardson",1180,2407
"NE","Rock",103,669
"NE","Saline",2232,2518
"NE","Sarpy",24709,40318
"NE","Saunders",3279,6725
"NE","Scotts Bluff",4193,9427
"NE","Seward",2362,4947
"NE","Sheridan",389,2010
"NE","Sherman",549,919
"NE","Sioux",101,623
"NE","Stanton",607,1945
"NE","Thayer",724,1853
"NE","Thomas",42,360
"NE","Thurston",1153,823
"NE","Valley",494,1643
"NE","Washington",3103,6857
"NE","Wayne",1074,2493
"NE","Webster",440,1255
"NE","Wheeler",93,345
"NE","York",1352,4814
"NH","Belknap",15890,17571
"NH","Carroll",13977,14207
"NH","Cheshire",25380,15156
"NH","Coos",9095,6342
"NH","Grafton",28510,19010
"NH","Hillsborough",102303,99991
"NH","Merrimack",40198,37674
"NH","Rockingham",80142,87921
"NH","Strafford",36026,26729
"NH","Sullivan",10210,10796
"NJ","Atlantic",59509,41918
"NJ","Bergen",193470,155267
"NJ","Burlington",115951,79110
"NJ","Camden",137795,63329
"NJ","Cape May",21275,25488
"NJ","Cumberland",30172,18767
"NJ","Essex",217950,61595
"NJ","Gloucester",72960,58915
"NJ","Hudson",136239,38082
"NJ","Hunterdon",25148,36979
"NJ","Mercer",94300,43155
"NJ","Middlesex",179515,102472
"NJ","Monmouth",125471,140376
"NJ","Morris",90313,114265
"NJ","Ocean",96500,138594
"NJ","Passaic",104057,59181
"NJ","Salem",14456,14214
"NJ","Somerset",70168,63159
"NJ","Sussex",23406,37215
"NJ","Union",134220,66457
"NJ","Warren",17869,24695
"NM","Bernalillo",147183,104242
"NM","Catron",557,1474
"NM","Chaves",6621,13271
"NM","Cibola",4907,2966
"NM","Colfax",2879,2763
"NM","Curry",3956,9150
"NM","DeBaca",287,586
"NM","Dona Ana",36778,26988
"NM","Eddy",6110,12546
"NM","Grant",7009,5286
"NM","Guadalupe",1388,518
"NM","Harding",260,326
"NM","Hidalgo",994,895
"NM","Lea",4068,12480
"NM","Lincoln",2931,5940
"NM","Los Alamos",5191,4796
"NM","Luna",3573,3654
"NM","McKinley",15363,5420
"NM","Mora",1952,591
"NM","Otero",6715,12219
"NM","Quay",1382,2194
"NM","Rio Arriba",11389,3373
"NM","Roosevelt",1719,4032
"NM","San Juan",15688,28779
"NM","San Miguel",8754,2281
"NM","Sandoval",26831,24124
"NM","Santa Fe",49668,15145
"NM","Sierra",1963,2928
"NM","Socorro",3983,2698
"NM","Taos",11855,2710
"NM","Torrance",2414,3521
"NM","Union",471,1231
"NM","Valencia",13473,12788
"NV","Carson City",10290,12394
"NV","Churchill",2961,7061
"NV","Clark",387978,288223
"NV","Douglas",9288,16264
"NV","Elko",3510,12013
"NV","Esmeralda",92,317
"NV","Eureka",107,663
"NV","Humboldt",1737,3810
"NV","Lander",534,1580
"NV","Lincoln",400,1691
"NV","Lyon",7380,13520
"NV","Mineral",863,1080
"NV","Nye",6320,10566
"NV","Pershing",632,1167
"NV","Storey",920,1321
"NV","Washoe",94806,88151
"NV","White Pine",983,2601
"NY","Albany",80891,42029
"NY","Allegany",5658,9609
"NY","Bronx",288378,26304
"NY","Broome",38315,34878
"NY","Cattaraugus",11695,15406
"NY","Cayuga",14162,11355
"NY","Chautauqua",21815,25795
"NY","Chemung",15285,16207
"NY","Chenango",8340,8933
"NY","Clinton",17123,10054
"NY","Columbia",14244,11194
"NY","Cortland",9445,7886
"NY","Delaware",7469,9085
"NY","Dutchess",59885,52320
"NY","Erie",220184,159678
"NY","Essex",8835,6495
"NY","Franklin",9065,5248
"NY","Fulton",7916,9811
"NY","Genesee",8886,13701
"NY","Greene",7911,9935
"NY","Hamilton",955,1652
"NY","Herkimer",10433,12389
"NY","Jefferson",15345,16279
"NY","Kings",503291,108630
"NY","Lewis",4263,5083
"NY","Livingston",10889,13210
"NY","Madison",12698,12611
"NY","Monroe",178491,124769
"NY","Montgomery",7881,8622
"NY","Nassau",243649,212882
"NY","New York",417861,72300
"NY","Niagara",40862,40397
"NY","Oneida",37388,41639
"NY","Onondaga",112664,72807
"NY","Ontario",21285,21998
"NY","Orange",67709,60984
"NY","Orleans",5411,8076
"NY","Oswego",21733,18503
"NY","Otsego",10975,10527
"NY","Putnam",17851,22436
"NY","Queens",399970,103193
"NY","Rensselaer",34713,27240
"NY","Richmond",67524,66420
"NY","Rockland",60446,52936
"NY","Saint Lawrence",19574,13914
"NY","Saratoga",48876,46829
"NY","Schenectady",33777,24608
"NY","Schoharie",4862,6849
"NY","Schuyler",3354,3942
"NY","Seneca",6526,5405
"NY","Steuben",14586,20425
"NY","Suffolk",274830,259348
"NY","Sullivan",13781,11148
"NY","Tioga",8263,11278
"NY","Tompkins",24447,10202
"NY","Ulster",43164,27340
"NY","Warren",13112,12571
"NY","Washington",10596,10254
"NY","Wayne",15136,18315
"NY","Westchester",171908,108707
"NY","Wyoming",5224,9726
"NY","Yates",4021,4270
"OH","Adams",3857,6691
"OH","Allen",16869,28802
"OH","Ashland",8083,15225
"OH","Ashtabula",22964,17890
"OH","Athens",17268,8118
"OH","Auglaize",5643,16802
"OH","Belmont",13826,16418
"OH","Brown",6923,11671
"OH","Butler",59282,102226
"OH","Carroll",5396,7177
"OH","Champaign",7826,11852
"OH","Clark",30022,31116
"OH","Clermont",29334,62527
"OH","Clinton",5534,11740
"OH","Columbiana",19351,24778
"OH","Coshocton",6841,8312
"OH","Crawford",7207,11561
"OH","Cuyahoga",420953,184475
"OH","Darke",6610,17745
"OH","Defiance",7438,9935
"OH","Delaware",36131,58980
"OH","Erie",20969,16655
"OH","Fairfield",28831,40134
"OH","Fayette",4075,6456
"OH","Franklin",325654,207941
"OH","Fulton",8790,11521
"OH","Gallia",3418,5912
"OH","Geauga",19295,30104
"OH","Greene",31028,48683
"OH","Guernsey",7226,8811
"OH","Hamilton",208508,188653
"OH","Hancock",12192,22077
"OH","Hardin",4487,7337
"OH","Harrison",2895,3936
"OH","Henry",5513,8111
"OH","Highland",5772,11032
"OH","Hocking",6010,6150
"OH","Holmes",2568,8563
"OH","Huron",10673,12821
"OH","Jackson",4965,7651
"OH","Jefferson",14960,16729
"OH","Knox",10154,16873
"OH","Lake",55219,57150
"OH","Lawrence",10454,14371
"OH","Licking",32264,43604
"OH","Logan",6789,13323
"OH","Lorain",78112,58095
"OH","Lucas",129229,68100
"OH","Madison",6700,10215
"OH","Mahoning",74298,41702
"OH","Marion",11933,13938
"OH","Medina",37841,49464
"OH","Meigs",3911,5782
"OH","Mercer",4609,16207
"OH","Miami",15731,33650
"OH","Monroe",3007,3540
"OH","Montgomery",128983,121188
"OH","Morgan",2772,3136
"OH","Morrow",5780,9662
"OH","Muskingum",16327,18826
"OH","Noble",2082,3498
"OH","Ottawa",11214,10323
"OH","Paulding",3435,5248
"OH","Perry",6857,7498
"OH","Pickaway",9335,13713
"OH","Pike",5490,5535
"OH","Portage",38082,34465
"OH","Preble",6005,13202
"OH","Putnam",4238,13563
"OH","Richland",21785,33057
"OH","Ross",13895,14582
"OH","Sandusky",14035,13491
"OH","Scioto",14432,15023
"OH","Seneca",10962,13025
"OH","Shelby",6065,16700
"OH","Stark",86314,86958
"OH","Summit",147146,108700
"OH","Trumbull",59446,37545
"OH","Tuscarawas",17516,21420
"OH","Union",8546,15947
"OH","Van Wert",3923,9433
"OH","Vinton",2382,2798
"OH","Warren",31907,74626
"OH","Washington",11333,16921
"OH","Wayne",18932,29450
"OH","Williams",7045,9863
"OH","Wood",31596,28997
"OH","Wyandot",3962,6054
"OK","Adair",2110,4362
"OK","Alfalfa",278,1539
"OK","Atoka",1241,3534
"OK","Beaver",243,2057
"OK","Beckham",1413,5496
"OK","Blaine",991,2824
"OK","Bryan",3533,9188
"OK","Caddo",3151,5660
"OK","Canadian",10533,35615
"OK","Carter",4907,12213
"OK","Cherokee",6137,8151
"OK","Choctaw",1494,3572
"OK","Cimarron",115,1082
"OK","Cleveland",34701,59019
"OK","Coal",648,1709
"OK","Comanche",12517,17657
"OK","Cotton",657,1796
"OK","Craig",1746,3552
"OK","Creek",7114,18964
"OK","Custer",2358,7442
"OK","Delaware",4176,10056
"OK","Dewey",301,1769
"OK","Ellis",226,1575
"OK","Garfield",4732,15176
"OK","Garvin",2556,6922
"OK","Grady",4780,14818
"OK","Grant",393,1674
"OK","Greer",488,1344
"OK","Harmon",264,659
"OK","Harper",173,1261
"OK","Haskell",1175,3069
"OK","Hughes",1370,2836
"OK","Jackson",1953,5962
"OK","Jefferson",602,1632
"OK","Johnston",1134,2644
"OK","Kay",4624,11498
"OK","Kingfisher",844,4510
"OK","Kiowa",1101,2309
"OK","Latimer",1169,2620
"OK","LeFlore",4658,11172
"OK","Lincoln",3265,9542
"OK","Logan",4686,12297
"OK","Love",1034,2436
"OK","Major",446,2700
"OK","Marshall",1396,3744
"OK","Mayes",4822,9634
"OK","McClain",3191,11108
"OK","McCurtain",2440,7633
"OK","McIntosh",2767,4498
"OK","Murray",1540,3606
"OK","Muskogee",9943,13392
"OK","Noble",1142,3484
"OK","Nowata",1244,2832
"OK","Okfuskee",1251,2328
"OK","Oklahoma",106812,149525
"OK","Okmulgee",5416,7712
"OK","Osage",6695,11218
"OK","Ottawa",3508,6465
"OK","Pawnee",1813,4228
"OK","Payne",9193,16467
"OK","Pittsburg",4813,10785
"OK","Pontotoc",3934,8921
"OK","Pottawatomie",7182,16240
"OK","Pushmataha",1043,3087
"OK","Roger Mills",272,1402
"OK","Rogers",9146,27531
"OK","Seminole",2597,4852
"OK","Sequoyah",4193,9573
"OK","Stephens",3939,12907
"OK","Texas",854,4908
"OK","Tillman",906,1813
"OK","Tulsa",82633,144908
"OK","Wagoner",7773,20848
"OK","Washington",5532,15667
"OK","Washita",821,3482
"OK","Woods",670,2725
"OK","Woodward",1129,5936
"OR","Baker",2364,5692
"OR","Benton",27662,14922
"OR","Clackamas",94013,87551
"OR","Clatsop",9616,7101
"OR","Columbia",11843,10645
"OR","Coos",12628,14398
"OR","Crook",3081,6769
"OR","Curry",4611,6577
"OR","Deschutes",34985,40670
"OR","Douglas",17032,30588
"OR","Gilliam",371,637
"OR","Grant",834,2848
"OR","Harney",829,2599
"OR","Hood River",5977,3400
"OR","Jackson",42341,46974
"OR","Jefferson",3238,4576
"OR","Josephine",14929,23636
"OR","Klamath",8140,18654
"OR","Lake",769,2801
"OR","Lane",99891,60979
"OR","Lincoln",13277,8623
"OR","Linn",19893,28482
"OR","Malheur",2701,6751
"OR","Marion",54337,58435
"OR","Morrow",1189,2524
"OR","Multnomah",261222,71947
"OR","Polk",15761,17377
"OR","Sherman",317,677
"OR","Tillamook",6249,5670
"OR","Umatilla",8499,15425
"OR","Union",3943,7608
"OR","Wallowa",1252,2796
"OR","Wasco",5066,5152
"OR","Washington",124431,86551
"OR","Wheeler",262,542
"OR","Yamhill",18906,21711
"PA","Adams",14893,26490
"PA","Allegheny",348151,259304
"PA","Armstrong",8694,19231
"PA","Beaver",36833,42118
"PA","Bedford",4730,16509
"PA","Berks",79895,80857
"PA","Blair",15516,31500
"PA","Bradford",8291,13827
"PA","Bucks",159598,155876
"PA","Butler",28385,59416
"PA","Cambria",23181,33464
"PA","Cameron",677,1264
"PA","Carbon",11040,12710
"PA","Centre",33677,33697
"PA","Chester",122232,123280
"PA","Clarion",4731,10228
"PA","Clearfield",11093,20303
"PA","Clinton",5503,6941
"PA","Columbia",10424,13445
"PA","Crawford",13024,19497
"PA","Cumberland",43983,64365
"PA","Dauphin",64209,56838
"PA","Delaware",164805,105270
"PA","Elk",5144,7099
"PA","Erie",65136,46102
"PA","Fayette",21841,25845
"PA","Forest",894,1381
"PA","Franklin",18910,43072
"PA","Fulton",1297,4780
"PA","Greene",5564,7985
"PA","Huntingdon",5383,11953
"PA","Indiana",14403,21187
"PA","Jefferson",4535,12288
"PA","Juniata",2533,6821
"PA","Lackawanna",61309,34730
"PA","Lancaster",87108,129364
"PA","Lawrence",17427,20915
"PA","Lebanon",18975,34010
"PA","Lehigh",77029,66091
"PA","Luzerne",63974,57969
"PA","Lycoming",15104,30490
"PA","McKean",5260,9494
"PA","Mercer",23082,24304
"PA","Mifflin",4259,11893
"PA","Monroe",33431,25100
"PA","Montgomery",227561,169903
"PA","Montour",3026,4636
"PA","Northampton",65014,59242
"PA","Northumberland",12392,18516
"PA","Perry",5430,12511
"PA","Philadelphia",557024,91840
"PA","Pike",10170,12713
"PA","Potter",1892,5199
"PA","Schuylkill",24453,32156
"PA","Snyder",4672,10050
"PA","Somerset",9420,23935
"PA","Sullivan",1028,1859
"PA","Susquehanna",6891,10735
"PA","Tioga",5053,10599
"PA","Union",6063,9863
"PA","Venango",7469,12928
"PA","Warren",6768,9415
"PA","Washington",38503,50455
"PA","Wayne",8138,12531
"PA","Westmoreland",63380,103429
"PA","Wyoming",4812,6189
"PA","York",72126,111576
"RI","Bristol",14943,9216
"RI","Kent",44966,30786
"RI","Newport",23507,16343
"RI","Providence",156022,74344
"RI","Washington",34904,24666
"SC","Abbeville",4507,5923
"SC","Aiken",23953,41157
"SC","Allendale",3335,894
"SC","Anderson",22315,48493
"SC","Bamberg",4600,2190
"SC","Barnwell",5182,4655
"SC","Beaufort",29775,42580
"SC","Berkeley",24239,35764
"SC","Calhoun",4043,3705
"SC","Charleston",81027,77248
"SC","Cherokee",7219,13306
"SC","Chester",7839,6336
"SC","Chesterfield",7942,8488
"SC","Clarendon",8967,6890
"SC","Colleton",8470,8439
"SC","Darlington",15452,14429
"SC","Dillon",7623,5477
"SC","Dorchester",23390,32469
"SC","Edgefield",4965,6511
"SC","Fairfield",7743,3996
"SC","Florence",28508,28825
"SC","Georgetown",14119,16476
"SC","Greenville",67378,120514
"SC","Greenwood",11884,16290
"SC","Hampton",5814,3310
"SC","Horry",36620,66653
"SC","Jasper",5727,4169
"SC","Kershaw",10821,15846
"SC","Lancaster",13345,19273
"SC","Laurens",10297,14726
"SC","Lee",5972,2829
"SC","Lexington",34007,76392
"SC","Marion",9518,5114
"SC","Marlboro",7554,4010
"SC","McCormick",2637,2460
"SC","Newberry",6891,9218
"SC","Oconee",8537,21573
"SC","Orangeburg",30454,11888
"SC","Pickens",11122,33385
"SC","Richland",94350,46725
"SC","Saluda",3322,5130
"SC","Spartanburg",40920,65951
"SC","Sumter",27550,19266
"SC","Union",5748,6566
"SC","Williamsburg",11318,4819
"SC","York",38757,59149
"SD","Aurora",556,804
"SD","Beadle",2881,4230
"SD","Bennett",548,626
"SD","Bon Homme",1167,1830
"SD","Brookings",5826,6219
"SD","Brown",7249,8320
"SD","Brule",824,1499
"SD","Buffalo",472,166
"SD","Butte",1000,3068
"SD","Campbell",153,616
"SD","Charles Mix",1482,2229
"SD","Clark",713,1067
"SD","Clay",2955,2146
"SD","Codington",4588,6696
"SD","Corson",647,515
"SD","Custer",1335,3062
"SD","Davison",3042,4754
"SD","Day",1497,1320
"SD","Deuel",941,1175
"SD","Dewey",1207,663
"SD","Douglas",332,1334
"SD","Edmunds",622,1264
"SD","Fall River",1137,2256
"SD","Faulk",331,765
"SD","Grant",1493,2034
"SD","Gregory",599,1507
"SD","Haakon",138,940
"SD","Hamlin",921,1803
"SD","Hand",575,1242
"SD","Hanson",760,1627
"SD","Harding",82,638
"SD","Hughes",2786,5219
"SD","Hutchinson",923,2451
"SD","Hyde",189,531
"SD","Jackson",426,661
"SD","Jerauld",452,538
"SD","Jones",108,490
"SD","Kingsbury",1092,1451
"SD","Lake",2724,3419
"SD","Lawrence",3973,7025
"SD","Lincoln",7982,13611
"SD","Lyman",605,933
"SD","Marshall",1061,889
"SD","McCook",905,1655
"SD","McPherson",272,921
"SD","Meade",2928,7560
"SD","Mellette",375,381
"SD","Miner",479,636
"SD","Minnehaha",34668,40330
"SD","Moody",1429,1535
"SD","Pennington",15122,28229
"SD","Perkins",319,1205
"SD","Potter",339,1029
"SD","Roberts",2302,1883
"SD","Sanborn",389,688
"SD","Shannon",2922,188
"SD","Spink",1300,1670
"SD","Stanley",435,1063
"SD","Sully",186,611
"SD","Todd",1976,498
"SD","Tripp",737,1905
"SD","Turner",1411,2715
"SD","Union",2782,4698
"SD","Walworth",671,1731
"SD","Yankton",4208,5463
"SD","Ziebach",439,314
"TN","Anderson",10112,18941
"TN","Bedford",4207,10026
"TN","Benton",2255,3850
"TN","Bledsoe",1267,3022
"TN","Blount",12925,35417
"TN","Bradley",8035,27417
"TN","Campbell",3327,8602
"TN","Cannon",1560,3308
"TN","Carroll",3475,7219
"TN","Carter",4786,15496
"TN","Cheatham",4656,10266
"TN","Chester",1622,4672
"TN","Claiborne",2433,7617
"TN","Clay",1037,1747
"TN","Cocke",2804,8459
"TN","Coffee",5865,13013
"TN","Crockett",1669,3782
"TN","Cumberland",6260,18651
"TN","Davidson",138899,94464
"TN","Decatur",1302,2873
"TN","DeKalb",2168,4134
"TN","Dickson",6228,11287
"TN","Dyer",3757,9921
"TN","Fayette",6683,12682
"TN","Fentress",1559,5240
"TN","Franklin",5594,10252
"TN","Gibson",6564,12883
"TN","Giles",3759,6914
"TN","Grainger",1668,5469
"TN","Greene",6216,17234
"TN","Grundy",1637,2502
"TN","Hamblen",5229,14515
"TN","Hamilton",58794,79877
"TN","Hancock",475,1527
"TN","Hardeman",5479,4864
"TN","Hardin",2467,7886
"TN","Hawkins",5086,14376
"TN","Haywood",4567,2960
"TN","Henderson",2516,7418
"TN","Henry",4337,8187
"TN","Hickman",2693,4756
"TN","Houston",1400,1579
"TN","Humphreys",2904,3829
"TN","Jackson",1736,2380
"TN","Jefferson",4230,13037
"TN","Johnson",1483,4611
"TN","Knox",57594,106411
"TN","Lake",884,1163
"TN","Lauderdale",4010,4616
"TN","Lawrence",4237,10770
"TN","Lewis",1445,3116
"TN","Lincoln",3283,9791
"TN","Loudon",5057,16701
"TN","Macon",1552,5259
"TN","Madison",18360,21989
"TN","Marion",3952,6268
"TN","Marshall",3722,6823
"TN","Maury",11819,20698
"TN","McMinn",4603,12958
"TN","McNairy",2643,7010
"TN","Meigs",1163,2728
"TN","Monroe",4368,11717
"TN","Montgomery",24349,30159
"TN","Moore",705,2053
"TN","Morgan",1722,4668
"TN","Obion",3320,8814
"TN","Overton",2802,4772
"TN","Perry",992,1578
"TN","Pickett",711,1707
"TN","Polk",1856,4108
"TN","Putnam",7793,17242
"TN","Rhea",2625,7793
"TN","Roane",6014,14719
"TN","Robertson",8289,17641
"TN","Rutherford",36400,60829
"TN","Scott",1452,5117
"TN","Sequatchie",1488,3541
"TN","Sevier",7415,25979
"TN","Shelby",232201,135536
"TN","Smith",2467,4492
"TN","Stewart",2069,2963
"TN","Sullivan",15303,43528
"TN","Sumner",18571,45979
"TN","Tipton",7020,16395
"TN","Trousdale",1238,1610
"TN","Unicoi",1909,5028
"TN","Union",1474,4278
"TN","Van Buren",875,1384
"TN","Warren",4748,8007
"TN","Washington",14318,32787
"TN","Wayne",1163,4251
"TN","Weakley",3547,8601
"TN","White",2793,6192
"TN","Williamson",24328,68090
"TN","Wilson",14669,36076
"TX","Anderson",3796,12235
"TX","Andrews",794,3636
"TX","Angelina",7833,20301
"TX","Aransas",2703,6829
"TX","Archer",525,3599
"TX","Armstrong",98,828
"TX","Atascosa",5128,7451
"TX","Austin",2252,9260
"TX","Bailey",466,1336
"TX","Bandera",1859,7423
"TX","Bastrop",9860,14019
"TX","Baylor",267,1297
"TX","Bee",3451,4354
"TX","Bell",35315,49369
"TX","Bexar",263871,240519
"TX","Blanco",1220,3637
"TX","Borden",32,324
"TX","Bosque",1366,5873
"TX","Bowie",10184,24840
"TX","Brazoria",34327,70684
"TX","Brazos",17440,37152
"TX","Brewster",1765,1975
"TX","Briscoe",117,576
"TX","Brooks",1886,507
"TX","Brown",1904,11894
"TX","Burleson",1705,4671
"TX","Burnet",3672,12828
"TX","Caldwell",4787,6018
"TX","Calhoun",2510,4145
"TX","Callahan",751,4376
"TX","Cameron",49159,24955
"TX","Camp",1428,2878
"TX","Carson",292,2450
"TX","Cass",2921,8747
"TX","Castro",630,1470
"TX","Chambers",2780,11761
"TX","Cherokee",3935,12291
"TX","Childress",320,1665
"TX","Clay",740,4266
"TX","Cochran",256,648
"TX","Coke",179,1216
"TX","Coleman",441,3007
"TX","Collin",100754,195933
"TX","Collingsworth",177,962
"TX","Colorado",2024,6015
"TX","Comal",11437,39291
"TX","Comanche",890,3940
"TX","Concho",194,793
"TX","Cooke",2240,11901
"TX","Coryell",5141,11193
"TX","Cottle",180,553
"TX","Crane",275,985
"TX","Crockett",480,957
"TX","Crosby",639,1132
"TX","Culberson",566,294
"TX","Dallam",253,1248
"TX","Dallas",403170,294339
"TX","Dawson",1017,2591
"TX","Deaf Smith",1239,3042
"TX","Delta",454,1524
"TX","Denton",79917,156105
"TX","DeWitt",1463,5114
"TX","Dickens",216,793
"TX","Dimmit",2141,762
"TX","Donley",226,1286
"TX","Duval",3331,979
"TX","Eastland",970,5443
"TX","Ector",8095,23936
"TX","Edwards",232,641
"TX","El Paso",112273,56517
"TX","Ellis",13803,39353
"TX","Erath",1965,10325
"TX","Falls",2033,3356
"TX","Fannin",2482,8143
"TX","Fayette",2311,8098
"TX","Fisher",512,1094
"TX","Floyd",551,1523
"TX","Foard",140,346
"TX","Fort Bend",101043,116028
"TX","Franklin",750,3446
"TX","Freestone",1848,5644
"TX","Frio",2376,1559
"TX","Gaines",535,3484
"TX","Galveston",39162,68594
"TX","Garza",276,1262
"TX","Gillespie",2055,10305
"TX","Glasscock",44,526
"TX","Goliad",1127,2294
"TX","Gonzales",1773,4213
"TX","Gray",885,6428
"TX","Grayson",10665,30907
"TX","Gregg",12336,28665
"TX","Grimes",2339,6141
"TX","Guadalupe",15654,32959
"TX","Hale",2228,6417
"TX","Hall",265,832
"TX","Hamilton",591,2918
"TX","Hansford",158,1787
"TX","Hardeman",302,1176
"TX","Hardin",3358,17744
"TX","Harris",585451,584866
"TX","Harrison",8431,17471
"TX","Hartley",183,1700
"TX","Haskell",551,1422
"TX","Hays",25448,31577
"TX","Hemphill",192,1298
"TX","Henderson",6094,21202
"TX","Hidalgo",97879,39786
"TX","Hill",2745,9128
"TX","Hockley",1482,5543
"TX","Hood",3829,18341
"TX","Hopkins",2775,9834
"TX","Houston",2235,5839
"TX","Howard",1042,4032
"TX","Hudspeth",379,471
"TX","Hunt",6658,20976
"TX","Hutchinson",1042,6797
"TX","Irion",112,668
"TX","Jack",303,2580
"TX","Jackson",1068,3903
"TX","Jasper",3402,9924
"TX","Jeff Davis",440,717
"TX","Jefferson",44626,43214
"TX","Jim Hogg",1301,356
"TX","Jim Wells",6492,4595
"TX","Johnson",10481,37609
"TX","Jones",1225,4258
"TX","Karnes",1324,2823
"TX","Kaufman",9451,24804
"TX","Kendall",3035,14467
"TX","Kenedy",82,83
"TX","Kent",66,334
"TX","Kerr",4325,17225
"TX","Kimble",217,1667
"TX","King",5,139
"TX","Kinney",522,880
"TX","Kleberg",4752,4056
"TX","Knox",332,1160
"TX","La Salle",965,669
"TX","La Vaca",1427,6788
"TX","Lamar",4173,12814
"TX","Lamb",998,3056
"TX","Lampasas",1457,5583
"TX","Lee",1630,4504
"TX","Leon",1061,5812
"TX","Liberty",5196,17304
"TX","Limestone",2208,5288
"TX","Lipscomb",119,1044
"TX","Live Oak",915,3153
"TX","Llano",1818,7560
"TX","Loving",9,54
"TX","Lubbock",26088,63133
"TX","Lynn",464,1377
"TX","Madison",964,3028
"TX","Marion",1487,2730
"TX","Martin",247,1338
"TX","Mason",380,1562
"TX","Matagorda",3972,8026
"TX","Maverick",8302,2171
"TX","McCulloch",537,2419
"TX","McLennan",25688,47885
"TX","McMullen",67,436
"TX","Medina",4760,11016
"TX","Menard",170,663
"TX","Midland",8223,35452
"TX","Milam",2632,5478
"TX","Mills",279,1882
"TX","Mitchell",536,1754
"TX","Montague",1116,6539
"TX","Montgomery",32852,137822
"TX","Moore",963,3967
"TX","Morris",1856,3226
"TX","Motley",55,538
"TX","Nacogdoches",6441,13910
"TX","Navarro",4348,10838
"TX","Newton",1721,4399
"TX","Nolan",1216,3277
"TX","Nueces",45666,48779
"TX","Ochiltree",253,2718
"TX","Oldham",71,786
"TX","Orange",6797,23361
"TX","Palo Pinto",1810,7392
"TX","Panola",2211,7941
"TX","Parker",7804,38980
"TX","Parmer",528,2005
"TX","Pecos",1591,2512
"TX","Polk",4836,14019
"TX","Potter",7114,18905
"TX","Presidio",1273,504
"TX","Rains",754,3265
"TX","Randall",7553,41366
"TX","Reagan",158,676
"TX","Real",277,1236
"TX","Red River",1482,3549
"TX","Reeves",1649,1185
"TX","Refugio",998,1659
"TX","Roberts",25,408
"TX","Robertson",2792,4416
"TX","Rockwall",8112,27098
"TX","Runnels",517,3103
"TX","Rusk",4451,13924
"TX","Sabine",806,3726
"TX","San Augustine",1193,2469
"TX","San Jacinto",2410,7105
"TX","San Patricio",7854,11994
"TX","San Saba",323,1905
"TX","Schleicher",220,781
"TX","Scurry",837,4121
"TX","Shackelford",131,1218
"TX","Shelby",2318,6870
"TX","Sherman",121,908
"TX","Smith",22101,61858
"TX","Somervell",609,2858
"TX","Starr",10248,1540
"TX","Stephens",475,2891
"TX","Sterling",31,459
"TX","Stonewall",160,507
"TX","Sutton",369,1110
"TX","Swisher",579,1654
"TX","Tarrant",252789,348686
"TX","Taylor",9725,32853
"TX","Terrell",184,358
"TX","Terry",1059,2602
"TX","Throckmorton",109,700
"TX","Titus",2638,6062
"TX","Tom Green",9246,26749
"TX","Travis",231540,139503
"TX","Trinity",1614,4537
"TX","Tyler",1659,5889
"TX","Upshur",2953,11948
"TX","Upton",332,952
"TX","Uvalde",3824,4526
"TX","Val Verde",6267,5612
"TX","Van Zandt",3083,15790
"TX","Victoria",8795,19684
"TX","Walker",5283,9569
"TX","Waller",6401,9158
"TX","Ward",836,2364
"TX","Washington",3378,10850
"TX","Webb",37592,11074
"TX","Wharton",4235,9750
"TX","Wheeler",232,1878
"TX","Wichita",10490,29756
"TX","Wilbarger",971,2956
"TX","Willacy",3595,1415
"TX","Williamson",61812,96910
"TX","Wilson",4819,12205
"TX","Winkler",398,1331
"TX","Wise",3219,17178
"TX","Wood",3052,14317
"TX","Yoakum",409,1698
"TX","Young",992,6225
"TX","Zapata",2517,993
"TX","Zavala",3042,574
"UT","Beaver",341,2153
"UT","Box Elder",1830,15969
"UT","Cache",5434,30818
"UT","Carbon",2204,4834
"UT","Daggett",91,399
"UT","Davis",20417,90030
"UT","Duchesne",570,5608
"UT","Emery",569,3743
"UT","Garfield",306,1811
"UT","Grand",1678,1917
"UT","Iron",1720,11172
"UT","Juab",436,3400
"UT","Kane",718,2463
"UT","Millard",424,4421
"UT","Morgan",386,3910
"UT","Piute",74,696
"UT","Rich",83,907
"UT","Salt Lake",132686,198739
"UT","San Juan",2062,3006
"UT","Sanpete",889,7767
"UT","Sevier",701,6961
"UT","Summit",7656,8464
"UT","Tooele",3794,12240
"UT","Uintah",962,10001
"UT","Utah",15791,142337
"UT","Wasatch",2097,6852
"UT","Washington",7762,41104
"UT","Wayne",213,1087
"UT","Weber",17569,48938
"VA","Accomack",7653,8212
"VA","Albemarle",29712,23263
"VA","Alexandria",52434,20205
"VA","Alleghany",3403,3595
"VA","Amelia",2488,4324
"VA","Amherst",5898,8865
"VA","Appomattox",2453,5340
"VA","Arlington",81178,34433
"VA","Augusta",9448,23614
"VA","Bath",894,1274
"VA","Bedford",10925,29281
"VA","Bedford City",1225,1527
"VA","Bland",735,2144
"VA","Botetourt",5449,12471
"VA","Bristol",2487,4776
"VA","Brunswick",4993,2965
"VA","Buchanan",3094,6436
"VA","Buckingham",3747,3569
"VA","Buena Vista",919,1564
"VA","Campbell",7591,17687
"VA","Caroline",7258,6148
"VA","Carroll",3500,8351
"VA","Charles City",2772,1396
"VA","Charlotte",2502,3311
"VA","Charlottesville",16267,4801
"VA","Chesapeake",54999,53845
"VA","Chesterfield",78954,91174
"VA","Clarke",3237,4295
"VA","Colonial Heights",2541,5937
"VA","Covington",1319,975
"VA","Craig",830,1757
"VA","Culpeper",8263,11549
"VA","Cumberland",2422,2538
"VA","Danville",12215,7756
"VA","Dickenson",2472,4274
"VA","Dinwiddie",6425,6769
"VA","Emporia",1793,886
"VA","Essex",3009,2602
"VA","Fairfax",260835,173786
"VA","Fairfax City",6636,4762
"VA","Falls Church",5006,2141
"VA","Fauquier",13891,20955
"VA","Floyd",2732,4671
"VA","Fluvanna",5885,6678
"VA","Franklin",9082,16685
"VA","Franklin City",2830,1496
"VA","Frederick",12683,22851
"VA","Fredericksburg",7114,4054
"VA","Galax",900,1332
"VA","Giles",2730,4660
"VA","Gloucester",6764,12137
"VA","Goochland",4676,8448
"VA","Grayson",2094,4801
"VA","Greene",3284,5558
"VA","Greensville",3135,1766
"VA","Halifax",7760,8699
"VA","Hampton",51733,19193
"VA","Hanover",18283,39920
"VA","Harrisonburg",8650,6564
"VA","Henrico",89116,70235
"VA","Henry",10312,13980
"VA","Highland",459,924
"VA","Hopewell",5178,3737
"VA","Isle of Wight",8754,11797
"VA","James City",17854,22830
"VA","King and Queen",1743,1863
"VA","King George",4476,6603
"VA","King William",3326,5445
"VA","Lancaster",3144,3749
"VA","Lee",2593,6845
"VA","Lexington",1484,1146
"VA","Loudoun",81900,74794
"VA","Louisa",6949,9207
"VA","Lunenburg",2684,2969
"VA","Lynchburg",15905,19752
"VA","Madison",2637,3864
"VA","Manassas",8478,6463
"VA","Manassas Park",2873,1696
"VA","Martinsville",3855,2312
"VA","Mathews",1807,3488
"VA","Mecklenburg",6786,7855
"VA","Middlesex",2370,3619
"VA","Montgomery",19903,20006
"VA","Nelson",4171,3944
"VA","New Kent",3555,7246
"VA","Newport News",50990,27224
"VA","Norfolk",55654,21366
"VA","Northampton",3737,2676
"VA","Northumberland",3186,4308
"VA","Norton",566,895
"VA","Nottoway",3344,3409
"VA","Orange",6870,9244
"VA","Page",3724,6344
"VA","Patrick",2417,5622
"VA","Petersburg",14377,1526
"VA","Pittsylvania",10855,19275
"VA","Poquoson",1679,5312
"VA","Portsmouth",28994,12407
"VA","Powhatan",4066,11192
"VA","Prince Edward",5132,3952
"VA","Prince George",7671,9350
"VA","Prince William",103161,74371
"VA","Pulaski",5287,8917
"VA","Radford",2732,2520
"VA","Rappahannock",1971,2307
"VA","Richmond",1574,2160
"VA","Richmond City",71037,19732
"VA","Roanoke",19589,33344
"VA","Roanoke City",22179,14116
"VA","Rockbridge",4087,5898
"VA","Rockingham",10059,24173
"VA","Russell",3716,8177
"VA","Salem",4756,7289
"VA","Scott",2395,7439
"VA","Shenandoah",6462,12526
"VA","Smyth",4169,8376
"VA","Southampton",4437,4733
"VA","Spotsylvania",25150,31818
"VA","Stafford",27130,32429
"VA","Staunton",5710,5257
"VA","Suffolk",24194,17778
"VA","Surry",2574,1671
"VA","Sussex",3350,2021
"VA","Tazewell",3661,13843
"VA","Virginia Beach",94163,99107
"VA","Warren",6449,9865
"VA","Washington",7076,18141
"VA","Waynesboro",3836,4789
"VA","Westmoreland",4155,4116
"VA","Williamsburg",4901,2678
"VA","Winchester",5089,4943
"VA","Wise",3751,11041
"VA","Wythe",3782,8324
"VA","York",13165,20182
"VT","Addison",12257,5203
"VT","Bennington",11514,5687
"VT","Caledonia",8192,5088
"VT","Chittenden",53626,21571
"VT","Essex",1539,1164
"VT","Franklin",12057,7405
"VT","Grand Isle",2531,1471
"VT","Lamoille",8371,3342
"VT","Orange",9076,4588
"VT","Orleans",7117,4306
"VT","Rutland",17088,10835
"VT","Washington",20351,8093
"VT","Windham",16026,5347
"VT","Windsor",19494,8598
"WA","Adams",1516,3111
"WA","Asotin",3993,5647
"WA","Benton",27846,49105
"WA","Chelan",12519,17741
"WA","Clallam",17231,17087
"WA","Clark",88822,88629
"WA","Columbia",634,1545
"WA","Cowlitz",20897,19107
"WA","Douglas",5047,9287
"WA","Ferry",1276,1966
"WA","Franklin",6876,11657
"WA","Garfield",335,912
"WA","Grant",8746,17570
"WA","Grays Harbor",15692,11743
"WA","Island",21080,19251
"WA","Jefferson",11985,6113
"WA","King",599796,252090
"WA","Kitsap",59701,47468
"WA","Kittitas",6462,8372
"WA","Klickitat",4373,5138
"WA","Lewis",9772,15954
"WA","Lincoln",1649,4024
"WA","Mason",14568,12637
"WA","Okanogan",5259,7151
"WA","Pacific",5684,4484
"WA","Pend Oreille",2501,3942
"WA","Pierce",180478,144026
"WA","San Juan",6943,3061
"WA","Skagit",21875,19418
"WA","Skamania",2554,2624
"WA","Snohomish",169927,121642
"WA","Spokane",91977,104797
"WA","Stevens",6014,10794
"WA","Thurston",64879,43703
"WA","Wahkiakum",1091,1115
"WA","Walla Walla",5713,9098
"WA","Whatcom",49743,38764
"WA","Whitman",6910,7460
"WA","Yakima",25945,35381
"WI","Adams",5537,4643
"WI","Ashland",5387,2816
"WI","Barron",10883,11413
"WI","Bayfield",6025,3597
"WI","Brown",62433,64738
"WI","Buffalo",3569,3352
"WI","Burnett",3981,4541
"WI","Calumet",11477,14519
"WI","Chippewa",15211,15371
"WI","Clark",6173,7394
"WI","Columbia",17158,13014
"WI","Crawford",4622,3064
"WI","Dane",215389,83459
"WI","Dodge",18745,25190
"WI","Door",9338,8109
"WI","Douglas",14855,7698
"WI","Dunn",11303,10210
"WI","Eau Claire",30618,23218
"WI","Florence",952,1643
"WI","Fond du Lac",22356,30329
"WI","Forest",2421,2172
"WI","Grant",13574,10255
"WI","Green",11196,7848
"WI","Green Lake",3790,5779
"WI","Iowa",8099,4302
"WI","Iron",1783,1788
"WI","Jackson",5297,3900
"WI","Jefferson",20136,23489
"WI","Juneau",6237,5400
"WI","Kenosha",44838,34942
"WI","Kewaunee",5151,5746
"WI","La Crosse",36632,25711
"WI","Lafayette",4534,3313
"WI","Langlade",4569,5810
"WI","Lincoln",7543,7444
"WI","Manitowoc",20382,21581
"WI","Marathon",32330,36568
"WI","Marinette",9868,10609
"WI","Marquette",4112,3758
"WI","Menominee",1191,179
"WI","Milwaukee",328090,158430
"WI","Monroe",9505,9637
"WI","Oconto",8810,10691
"WI","Oneida",10439,10905
"WI","Outagamie",45565,47294
"WI","Ozaukee",19075,35991
"WI","Pepin",1875,1793
"WI","Pierce",10213,10383
"WI","Polk",10054,12075
"WI","Portage",22052,16599
"WI","Price",3882,3879
"WI","Racine",52887,49173
"WI","Richland",4964,3575
"WI","Rock",49158,30492
"WI","Rusk",3391,3673
"WI","Sauk",18718,12829
"WI","Sawyer",4482,4436
"WI","Shawano",8990,11017
"WI","Sheboygan",28356,34282
"WI","St. Croix",19874,25475
"WI","Taylor",3761,5597
"WI","Trempealeau",7601,5703
"WI","Vernon",8031,5935
"WI","Vilas",5931,7735
"WI","Walworth",22512,28962
"WI","Washburn",4435,4692
"WI","Washington",23136,54709
"WI","Waukesha",77617,161567
"WI","Waupaca",11565,13989
"WI","Waushara",5330,6558
"WI","Winnebago",45410,42073
"WI","Wood",18546,19685
"WV","Barbour",1761,3804
"WV","Berkeley",14122,21956
"WV","Boone",2777,5414
"WV","Braxton",1985,2692
"WV","Brooke",3984,5014
"WV","Cabell",13380,17779
"WV","Calhoun",801,1288
"WV","Clay",922,1957
"WV","Doddridge",571,2108
"WV","Fayette",5368,8304
"WV","Gilmer",830,1580
"WV","Grant",713,3775
"WV","Greenbrier",4681,7873
"WV","Hampshire",2294,5514
"WV","Hancock",4571,7159
"WV","Hardy",1477,3523
"WV","Harrison",9660,15755
"WV","Jackson",3824,7360
"WV","Jefferson",10215,11090
"WV","Kanawha",32190,41037
"WV","Lewis",1719,4349
"WV","Lincoln",2204,4336
"WV","Logan",3461,8186
"WV","Marion",8905,11981
"WV","Marshall",3395,6208
"WV","Mason",3738,5706
"WV","McDowell",2086,3931
"WV","Mercer",5416,15406
"WV","Mineral",2836,7687
"WV","Mingo",2421,6163
"WV","Monongalia",13664,16672
"WV","Monroe",1441,3571
"WV","Morgan",2361,4508
"WV","Nicholas",2635,5823
"WV","Ohio",6623,10577
"WV","Pendleton",1067,2087
"WV","Pleasants",942,1805
"WV","Pocahontas",1298,2167
"WV","Preston",2916,7841
"WV","Putnam",7198,15926
"WV","Raleigh",7651,20375
"WV","Randolph",3325,6150
"WV","Ritchie",762,2889
"WV","Roane",1928,2973
"WV","Summers",1612,2968
"WV","Taylor",1933,3827
"WV","Tucker",876,2160
"WV","Tyler",880,2291
"WV","Upshur",2143,5878
"WV","Wayne",4915,8673
"WV","Webster",939,1708
"WV","Wetzel",2194,3449
"WV","Wirt",673,1422
"WV","Wood",11067,21980
"WV","Wyoming",1575,5751
"WY","Albany",7445,7851
"WY","Big Horn",868,4269
"WY","Campbell",2163,14952
"WY","Carbon",2109,4152
"WY","Converse",1089,5043
"WY","Crook",426,3109
"WY","Fremont",5333,11072
"WY","Goshen",1458,4178
"WY","Hot Springs",523,1894
"WY","Johnson",749,3362
"WY","Laramie",13807,23247
"WY","Lincoln",1287,7144
"WY","Natrona",8960,22129
"WY","Niobrara",200,1022
"WY","Park",2927,11234
"WY","Platte",1223,3136
"WY","Sheridan",3618,10267
"WY","Sublette",767,3472
"WY","Sweetwater",4773,11427
"WY","Teton",6211,4858
"WY","Uinta",1628,6613
"WY","Washakie",794,3013
"WY","Weston",422,2821
